name;master_version;last_change_version;group;md5;id;url
ForgedAlliance.exe;3608;3608;bin;d781778c0472ff75842fc587ee0d5e8c;148;ForgedAlliance.3608.exe
init_faf.lua;3608;3608;bin;16da7063ae3309c154a2c544f559b3a9;122;init_nonxt.lua
faforever.faf;3608;3608;gamedata;56c1027987a05a99072e506250c7ad5f;116;faforever.3608.faf
init_ladder1v1.lua;3608;1;bin;ea96ac9cec88af29c08556c96465acfe;98;init_ladder1v1.1.lua
GDFBinary.dll;3608;1;bin;6f57f59c2e705d7a5a02d49e3915cb26;99;GDFBinary3603.dll
SupComDataPath.lua;3608;1;bin;55ac1ef97845f2291da64b830299331e;100;SupComDataPath.lua
SupComDataPathFAF.lua;3608;1;bin;962c9d1327657d77184adcf358c628f1;101;SupComDataPathFAF.lua
init_nonxt.lua;3608;1;bin;16da7063ae3309c154a2c544f559b3a9;102;init_nonxt.lua
ForgedAlliance.exe;3609;3609;bin;6e7ede7a0894bcbb622e766ad4d0a0a5;149;ForgedAlliance.3609.exe
init_faf.lua;3609;3609;bin;16da7063ae3309c154a2c544f559b3a9;123;init_nonxt.lua
faforever.faf;3609;3609;gamedata;6c774840155fd260ee751563d0aadaa4;118;faforever.3609.faf
init_ladder1v1.lua;3609;1;bin;ea96ac9cec88af29c08556c96465acfe;98;init_ladder1v1.1.lua
GDFBinary.dll;3609;1;bin;6f57f59c2e705d7a5a02d49e3915cb26;99;GDFBinary3603.dll
SupComDataPath.lua;3609;1;bin;55ac1ef97845f2291da64b830299331e;100;SupComDataPath.lua
SupComDataPathFAF.lua;3609;1;bin;962c9d1327657d77184adcf358c628f1;101;SupComDataPathFAF.lua
init_nonxt.lua;3609;1;bin;16da7063ae3309c154a2c544f559b3a9;102;init_nonxt.lua
ForgedAlliance.exe;3610;3610;bin;db0be0008c6b06d9f746b7e410700ce7;150;ForgedAlliance.3610.exe
init_faf.lua;3610;3610;bin;16da7063ae3309c154a2c544f559b3a9;124;init_nonxt.lua
faforever.faf;3610;3610;gamedata;6355680dbc880862f9ecff0915b26584;106;faforever.3610.faf
init_ladder1v1.lua;3610;1;bin;ea96ac9cec88af29c08556c96465acfe;98;init_ladder1v1.1.lua
GDFBinary.dll;3610;1;bin;6f57f59c2e705d7a5a02d49e3915cb26;99;GDFBinary3603.dll
SupComDataPath.lua;3610;1;bin;55ac1ef97845f2291da64b830299331e;100;SupComDataPath.lua
SupComDataPathFAF.lua;3610;1;bin;962c9d1327657d77184adcf358c628f1;101;SupComDataPathFAF.lua
init_nonxt.lua;3610;1;bin;16da7063ae3309c154a2c544f559b3a9;102;init_nonxt.lua
ForgedAlliance.exe;3611;3611;bin;801ba7657157c2700651cc8fb02035e8;151;ForgedAlliance.3611.exe
init_faf.lua;3611;3611;bin;16da7063ae3309c154a2c544f559b3a9;125;init_nonxt.lua
faforever.faf;3611;3611;gamedata;262e1cd7ef61cc2da879f39efc51c379;120;faforever.3611.faf
init_ladder1v1.lua;3611;1;bin;ea96ac9cec88af29c08556c96465acfe;98;init_ladder1v1.1.lua
GDFBinary.dll;3611;1;bin;6f57f59c2e705d7a5a02d49e3915cb26;99;GDFBinary3603.dll
SupComDataPath.lua;3611;1;bin;55ac1ef97845f2291da64b830299331e;100;SupComDataPath.lua
SupComDataPathFAF.lua;3611;1;bin;962c9d1327657d77184adcf358c628f1;101;SupComDataPathFAF.lua
init_nonxt.lua;3611;1;bin;16da7063ae3309c154a2c544f559b3a9;102;init_nonxt.lua
ForgedAlliance.exe;3612;3612;bin;6ebf5a0769df3106caacd692130fe1c1;152;ForgedAlliance.3612.exe
init_faf.lua;3612;3612;bin;16da7063ae3309c154a2c544f559b3a9;126;init_nonxt.lua
faforever.faf;3612;3612;gamedata;76f3d278419921c4d591c29dcc86a820;119;faforever.3612.faf
init_ladder1v1.lua;3612;1;bin;ea96ac9cec88af29c08556c96465acfe;98;init_ladder1v1.1.lua
GDFBinary.dll;3612;1;bin;6f57f59c2e705d7a5a02d49e3915cb26;99;GDFBinary3603.dll
SupComDataPath.lua;3612;1;bin;55ac1ef97845f2291da64b830299331e;100;SupComDataPath.lua
SupComDataPathFAF.lua;3612;1;bin;962c9d1327657d77184adcf358c628f1;101;SupComDataPathFAF.lua
init_nonxt.lua;3612;1;bin;16da7063ae3309c154a2c544f559b3a9;102;init_nonxt.lua
ForgedAlliance.exe;3613;3613;bin;5d6987ee421d29b91a1d205e2a5d20e3;153;ForgedAlliance.3613.exe
init_faf.lua;3613;3613;bin;16da7063ae3309c154a2c544f559b3a9;127;init_nonxt.lua
faforever.faf;3613;3613;gamedata;d3e6201b64dc010eb9a109a086770a91;111;faforever.3613.faf
init_ladder1v1.lua;3613;1;bin;ea96ac9cec88af29c08556c96465acfe;98;init_ladder1v1.1.lua
GDFBinary.dll;3613;1;bin;6f57f59c2e705d7a5a02d49e3915cb26;99;GDFBinary3603.dll
SupComDataPath.lua;3613;1;bin;55ac1ef97845f2291da64b830299331e;100;SupComDataPath.lua
SupComDataPathFAF.lua;3613;1;bin;962c9d1327657d77184adcf358c628f1;101;SupComDataPathFAF.lua
init_nonxt.lua;3613;1;bin;16da7063ae3309c154a2c544f559b3a9;102;init_nonxt.lua
ForgedAlliance.exe;3614;3614;bin;01e2563ec0ec0ccfc7cd6b6624225097;154;ForgedAlliance.3614.exe
init_faf.lua;3614;3614;bin;16da7063ae3309c154a2c544f559b3a9;128;init_nonxt.lua
faforever.faf;3614;3614;gamedata;29a90d52d23dcf3f0bb0a35ca1625152;114;faforever.3614.faf
init_ladder1v1.lua;3614;1;bin;ea96ac9cec88af29c08556c96465acfe;98;init_ladder1v1.1.lua
GDFBinary.dll;3614;1;bin;6f57f59c2e705d7a5a02d49e3915cb26;99;GDFBinary3603.dll
SupComDataPath.lua;3614;1;bin;55ac1ef97845f2291da64b830299331e;100;SupComDataPath.lua
SupComDataPathFAF.lua;3614;1;bin;962c9d1327657d77184adcf358c628f1;101;SupComDataPathFAF.lua
init_nonxt.lua;3614;1;bin;16da7063ae3309c154a2c544f559b3a9;102;init_nonxt.lua
ForgedAlliance.exe;3615;3615;bin;6ef0ad8d9b47401f35e79ffc85c68771;155;ForgedAlliance.3615.exe
init_faf.lua;3615;3615;bin;16da7063ae3309c154a2c544f559b3a9;129;init_nonxt.lua
faforever.faf;3615;3615;gamedata;df3f8667a443277992750513bf5d9219;117;faforever.3615.faf
init_ladder1v1.lua;3615;1;bin;ea96ac9cec88af29c08556c96465acfe;98;init_ladder1v1.1.lua
GDFBinary.dll;3615;1;bin;6f57f59c2e705d7a5a02d49e3915cb26;99;GDFBinary3603.dll
SupComDataPath.lua;3615;1;bin;55ac1ef97845f2291da64b830299331e;100;SupComDataPath.lua
SupComDataPathFAF.lua;3615;1;bin;962c9d1327657d77184adcf358c628f1;101;SupComDataPathFAF.lua
init_nonxt.lua;3615;1;bin;16da7063ae3309c154a2c544f559b3a9;102;init_nonxt.lua
ForgedAlliance.exe;3616;3616;bin;41027cda786dd1ec85afb1347b3169a3;156;ForgedAlliance.3616.exe
init_faf.lua;3616;3616;bin;16da7063ae3309c154a2c544f559b3a9;130;init_nonxt.lua
faforever.faf;3616;3616;gamedata;36ebdd927fa39547f9ecf273f1642d54;113;faforever.3616.faf
init_ladder1v1.lua;3616;1;bin;ea96ac9cec88af29c08556c96465acfe;98;init_ladder1v1.1.lua
GDFBinary.dll;3616;1;bin;6f57f59c2e705d7a5a02d49e3915cb26;99;GDFBinary3603.dll
SupComDataPath.lua;3616;1;bin;55ac1ef97845f2291da64b830299331e;100;SupComDataPath.lua
SupComDataPathFAF.lua;3616;1;bin;962c9d1327657d77184adcf358c628f1;101;SupComDataPathFAF.lua
init_nonxt.lua;3616;1;bin;16da7063ae3309c154a2c544f559b3a9;102;init_nonxt.lua
ForgedAlliance.exe;3617;3617;bin;ae48db83a884e9144d3fc25eef92b225;157;ForgedAlliance.3617.exe
init_faf.lua;3617;3617;bin;16da7063ae3309c154a2c544f559b3a9;131;init_nonxt.lua
faforever.faf;3617;3617;gamedata;3fc9e7684d150da5c51db71d2399f316;107;faforever.3617.faf
init_ladder1v1.lua;3617;1;bin;ea96ac9cec88af29c08556c96465acfe;98;init_ladder1v1.1.lua
GDFBinary.dll;3617;1;bin;6f57f59c2e705d7a5a02d49e3915cb26;99;GDFBinary3603.dll
SupComDataPath.lua;3617;1;bin;55ac1ef97845f2291da64b830299331e;100;SupComDataPath.lua
SupComDataPathFAF.lua;3617;1;bin;962c9d1327657d77184adcf358c628f1;101;SupComDataPathFAF.lua
init_nonxt.lua;3617;1;bin;16da7063ae3309c154a2c544f559b3a9;102;init_nonxt.lua
ForgedAlliance.exe;3618;3618;bin;e31619bded46f07690a5421e6bc26a06;158;ForgedAlliance.3618.exe
init_faf.lua;3618;3618;bin;16da7063ae3309c154a2c544f559b3a9;132;init_nonxt.lua
faforever.faf;3618;3618;gamedata;d89cf6a29c996d05bccb0694021c6e34;105;faforever.3618.faf
init_ladder1v1.lua;3618;1;bin;ea96ac9cec88af29c08556c96465acfe;98;init_ladder1v1.1.lua
GDFBinary.dll;3618;1;bin;6f57f59c2e705d7a5a02d49e3915cb26;99;GDFBinary3603.dll
SupComDataPath.lua;3618;1;bin;55ac1ef97845f2291da64b830299331e;100;SupComDataPath.lua
SupComDataPathFAF.lua;3618;1;bin;962c9d1327657d77184adcf358c628f1;101;SupComDataPathFAF.lua
init_nonxt.lua;3618;1;bin;16da7063ae3309c154a2c544f559b3a9;102;init_nonxt.lua
ForgedAlliance.exe;3619;3619;bin;a6b29b0d98000c69760ab82d2c875052;159;ForgedAlliance.3619.exe
init_faf.lua;3619;3619;bin;16da7063ae3309c154a2c544f559b3a9;133;init_nonxt.lua
faforever.faf;3619;3619;gamedata;49f6a986b873f66f59319f5b56bb60d2;104;faforever.3619.faf
init_ladder1v1.lua;3619;1;bin;ea96ac9cec88af29c08556c96465acfe;98;init_ladder1v1.1.lua
GDFBinary.dll;3619;1;bin;6f57f59c2e705d7a5a02d49e3915cb26;99;GDFBinary3603.dll
SupComDataPath.lua;3619;1;bin;55ac1ef97845f2291da64b830299331e;100;SupComDataPath.lua
SupComDataPathFAF.lua;3619;1;bin;962c9d1327657d77184adcf358c628f1;101;SupComDataPathFAF.lua
init_nonxt.lua;3619;1;bin;16da7063ae3309c154a2c544f559b3a9;102;init_nonxt.lua
ForgedAlliance.exe;3620;3620;bin;ff125c358a0c85c6e3f11bba9b8e6a38;160;ForgedAlliance.3620.exe
init_faf.lua;3620;3620;bin;16da7063ae3309c154a2c544f559b3a9;134;init_nonxt.lua
faforever.faf;3620;3620;gamedata;b9a0537f9c69e8205bbfa628ad39c740;112;faforever.3620.faf
init_ladder1v1.lua;3620;1;bin;ea96ac9cec88af29c08556c96465acfe;98;init_ladder1v1.1.lua
GDFBinary.dll;3620;1;bin;6f57f59c2e705d7a5a02d49e3915cb26;99;GDFBinary3603.dll
SupComDataPath.lua;3620;1;bin;55ac1ef97845f2291da64b830299331e;100;SupComDataPath.lua
SupComDataPathFAF.lua;3620;1;bin;962c9d1327657d77184adcf358c628f1;101;SupComDataPathFAF.lua
init_nonxt.lua;3620;1;bin;16da7063ae3309c154a2c544f559b3a9;102;init_nonxt.lua
ForgedAlliance.exe;3621;3621;bin;793f1530cb50864b22be0146e65784f5;161;ForgedAlliance.3621.exe
init_faf.lua;3621;3621;bin;16da7063ae3309c154a2c544f559b3a9;135;init_nonxt.lua
faforever.faf;3621;3621;gamedata;1e730c4979623a34ba046435b31075cb;115;faforever.3621.faf
init_ladder1v1.lua;3621;1;bin;ea96ac9cec88af29c08556c96465acfe;98;init_ladder1v1.1.lua
GDFBinary.dll;3621;1;bin;6f57f59c2e705d7a5a02d49e3915cb26;99;GDFBinary3603.dll
SupComDataPath.lua;3621;1;bin;55ac1ef97845f2291da64b830299331e;100;SupComDataPath.lua
SupComDataPathFAF.lua;3621;1;bin;962c9d1327657d77184adcf358c628f1;101;SupComDataPathFAF.lua
init_nonxt.lua;3621;1;bin;16da7063ae3309c154a2c544f559b3a9;102;init_nonxt.lua
ForgedAlliance.exe;3622;3622;bin;960ad994baa9425177c0cd9112ccfe32;162;ForgedAlliance.3622.exe
init_faf.lua;3622;3622;bin;16da7063ae3309c154a2c544f559b3a9;136;init_nonxt.lua
faforever.faf;3622;3622;gamedata;5222cb040eb14b3b00b35906d58c1956;108;faforever.3622.1.faf
init_ladder1v1.lua;3622;1;bin;ea96ac9cec88af29c08556c96465acfe;98;init_ladder1v1.1.lua
GDFBinary.dll;3622;1;bin;6f57f59c2e705d7a5a02d49e3915cb26;99;GDFBinary3603.dll
SupComDataPath.lua;3622;1;bin;55ac1ef97845f2291da64b830299331e;100;SupComDataPath.lua
SupComDataPathFAF.lua;3622;1;bin;962c9d1327657d77184adcf358c628f1;101;SupComDataPathFAF.lua
init_nonxt.lua;3622;1;bin;16da7063ae3309c154a2c544f559b3a9;102;init_nonxt.lua
ForgedAlliance.exe;3623;3623;bin;40ae75a159a7092da1a120a7e6e1691c;163;ForgedAlliance.3623.exe
init_faf.lua;3623;3623;bin;16da7063ae3309c154a2c544f559b3a9;137;init_nonxt.lua
faforever.faf;3623;3623;gamedata;7fc275716b5c609205569b0ac9bb6d77;110;faforever.3623.6.faf
init_ladder1v1.lua;3623;1;bin;ea96ac9cec88af29c08556c96465acfe;98;init_ladder1v1.1.lua
GDFBinary.dll;3623;1;bin;6f57f59c2e705d7a5a02d49e3915cb26;99;GDFBinary3603.dll
SupComDataPath.lua;3623;1;bin;55ac1ef97845f2291da64b830299331e;100;SupComDataPath.lua
SupComDataPathFAF.lua;3623;1;bin;962c9d1327657d77184adcf358c628f1;101;SupComDataPathFAF.lua
init_nonxt.lua;3623;1;bin;16da7063ae3309c154a2c544f559b3a9;102;init_nonxt.lua
ForgedAlliance.exe;3624;3624;bin;398280f625ca01f086e4fc75d7d2e600;164;ForgedAlliance.3624.exe
init_faf.lua;3624;3624;bin;16da7063ae3309c154a2c544f559b3a9;138;init_nonxt.lua
faforever.faf;3624;3624;gamedata;19cb2f8d70ed41b2c1abe2221ae7900e;121;faforever.3624.2.faf
init_ladder1v1.lua;3624;1;bin;ea96ac9cec88af29c08556c96465acfe;98;init_ladder1v1.1.lua
GDFBinary.dll;3624;1;bin;6f57f59c2e705d7a5a02d49e3915cb26;99;GDFBinary3603.dll
SupComDataPath.lua;3624;1;bin;55ac1ef97845f2291da64b830299331e;100;SupComDataPath.lua
SupComDataPathFAF.lua;3624;1;bin;962c9d1327657d77184adcf358c628f1;101;SupComDataPathFAF.lua
init_nonxt.lua;3624;1;bin;16da7063ae3309c154a2c544f559b3a9;102;init_nonxt.lua
ForgedAlliance.exe;3625;3625;bin;598b394bb17478d0578ee85e317293cb;165;ForgedAlliance.3625.exe
init_faf.lua;3625;3625;bin;16da7063ae3309c154a2c544f559b3a9;139;init_nonxt.lua
faforever.faf;3625;3625;gamedata;01918c842de543150cfc20cd511986ac;103;faforever.3625.7.faf
faforever.faf;3625;3625;gamedata;01918c842de543150cfc20cd511986ac;109;faforever.3625.7.faf
init_ladder1v1.lua;3625;1;bin;ea96ac9cec88af29c08556c96465acfe;98;init_ladder1v1.1.lua
GDFBinary.dll;3625;1;bin;6f57f59c2e705d7a5a02d49e3915cb26;99;GDFBinary3603.dll
SupComDataPath.lua;3625;1;bin;55ac1ef97845f2291da64b830299331e;100;SupComDataPath.lua
SupComDataPathFAF.lua;3625;1;bin;962c9d1327657d77184adcf358c628f1;101;SupComDataPathFAF.lua
init_nonxt.lua;3625;1;bin;16da7063ae3309c154a2c544f559b3a9;102;init_nonxt.lua
ForgedAlliance.exe;3626;3626;bin;02f5d496937dcb085f3c35d19bde0512;21;ForgedAlliance.3626.exe
init_faf.lua;3626;3626;bin;e1fede1183ca3f06bb6031fdc93823b3;140;init_faf.1.lua
faforever.faf;3626;3625;gamedata;01918c842de543150cfc20cd511986ac;103;faforever.3625.7.faf
faforever.faf;3626;3625;gamedata;01918c842de543150cfc20cd511986ac;109;faforever.3625.7.faf
init_ladder1v1.lua;3626;1;bin;ea96ac9cec88af29c08556c96465acfe;98;init_ladder1v1.1.lua
GDFBinary.dll;3626;1;bin;6f57f59c2e705d7a5a02d49e3915cb26;99;GDFBinary3603.dll
SupComDataPath.lua;3626;1;bin;55ac1ef97845f2291da64b830299331e;100;SupComDataPath.lua
SupComDataPathFAF.lua;3626;1;bin;962c9d1327657d77184adcf358c628f1;101;SupComDataPathFAF.lua
init_nonxt.lua;3626;1;bin;16da7063ae3309c154a2c544f559b3a9;102;init_nonxt.lua
effects.nx2;3626;3626;gamedata;5cbe0f46e6e22bcfdab302317c17a1ef;44;effects_0.3626.nxt
env.nx2;3626;3626;gamedata;3e8d44302e2b8b6c612aaaaff048cc70;45;env_0.3626.nxt
loc.nx2;3626;3626;gamedata;65e8ce899b6bdd2c853296b02e50e3e4;31;loc_0.3626.nxt
lua.nx2;3626;3626;gamedata;f67d9d18830aeb656df868a4ffbef326;86;lua_0.3626.nxt
meshes.nx2;3626;3626;gamedata;53be5fb82e999fa92e86c35c12cb681b;7;meshes_0.3626.nxt
modules.nx2;3626;3626;gamedata;ca8a2c1738f07ccbc61d05a1432b7ad4;63;modules_0.3626.nxt
projectiles.nx2;3626;3626;gamedata;56b0ecd91b4b178696be7f94214640ec;71;projectiles_0.3626.nxt
schook.nx2;3626;3626;gamedata;592f2b9d61178347e4c5f68e9f3ed8cb;59;schook_0.3626.nxt
textures.nx2;3626;3626;gamedata;d68f2a64c3d0d00aee6b32853a7fb586;5;textures_0.3626.nxt
units.nx2;3626;3626;gamedata;d6e59418f583ac7c4090f05602f7485f;90;units_0.3626.nxt
ForgedAlliance.exe;3627;3627;bin;761d79be9349855c11dcde31aeaf8ba1;54;ForgedAlliance.3627.exe
init_faf.lua;3627;3627;bin;e1fede1183ca3f06bb6031fdc93823b3;141;init_faf.1.lua
faforever.faf;3627;3625;gamedata;01918c842de543150cfc20cd511986ac;103;faforever.3625.7.faf
faforever.faf;3627;3625;gamedata;01918c842de543150cfc20cd511986ac;109;faforever.3625.7.faf
init_ladder1v1.lua;3627;1;bin;ea96ac9cec88af29c08556c96465acfe;98;init_ladder1v1.1.lua
GDFBinary.dll;3627;1;bin;6f57f59c2e705d7a5a02d49e3915cb26;99;GDFBinary3603.dll
SupComDataPath.lua;3627;1;bin;55ac1ef97845f2291da64b830299331e;100;SupComDataPath.lua
SupComDataPathFAF.lua;3627;1;bin;962c9d1327657d77184adcf358c628f1;101;SupComDataPathFAF.lua
init_nonxt.lua;3627;1;bin;16da7063ae3309c154a2c544f559b3a9;102;init_nonxt.lua
effects.nx2;3627;3627;gamedata;0a4b36179b64a0173ce8923893abb846;69;effects_0.3627.nxt
env.nx2;3627;3627;gamedata;7d141bd97bbadf27b836707c21a43e4c;26;env_0.3627.nxt
loc.nx2;3627;3627;gamedata;61253493642c3d3ce6d8c1f215543c95;30;loc_0.3627.nxt
lua.nx2;3627;3627;gamedata;eb5b129d0c2ef6f67afe2211261c6bdc;81;lua_0.3627.nxt
meshes.nx2;3627;3627;gamedata;b47e879b890de351096cf3b720ec7024;83;meshes_0.3627.nxt
modules.nx2;3627;3627;gamedata;ae903c4b8c4206c6e80dbba493b414f7;61;modules_0.3627.nxt
projectiles.nx2;3627;3627;gamedata;f8338d1c2fdfae577f49a55ed3697118;72;projectiles_0.3627.nxt
schook.nx2;3627;3627;gamedata;8783fd2114d2e0bf69b626ad13c0591e;33;schook_0.3627.nxt
textures.nx2;3627;3627;gamedata;335d9c4ce97959f642ebf417a1b12a65;41;textures_0.3627.nxt
units.nx2;3627;3627;gamedata;beb63db55c6ec2ea860bf7b879dbd24e;75;units_0.3627.nxt
ForgedAlliance.exe;3628;3628;bin;4c92dc5f5628a9c86a8a41e5725cb839;78;ForgedAlliance.3628.exe
init_faf.lua;3628;3628;bin;e1fede1183ca3f06bb6031fdc93823b3;142;init_faf.1.lua
faforever.faf;3628;3625;gamedata;01918c842de543150cfc20cd511986ac;103;faforever.3625.7.faf
faforever.faf;3628;3625;gamedata;01918c842de543150cfc20cd511986ac;109;faforever.3625.7.faf
init_ladder1v1.lua;3628;1;bin;ea96ac9cec88af29c08556c96465acfe;98;init_ladder1v1.1.lua
GDFBinary.dll;3628;1;bin;6f57f59c2e705d7a5a02d49e3915cb26;99;GDFBinary3603.dll
SupComDataPath.lua;3628;1;bin;55ac1ef97845f2291da64b830299331e;100;SupComDataPath.lua
SupComDataPathFAF.lua;3628;1;bin;962c9d1327657d77184adcf358c628f1;101;SupComDataPathFAF.lua
init_nonxt.lua;3628;1;bin;16da7063ae3309c154a2c544f559b3a9;102;init_nonxt.lua
effects.nx2;3628;3628;gamedata;1655e5d19e62a1652d04ec78da19cd21;74;effects_0.3628.nxt
env.nx2;3628;3628;gamedata;31a36bcc080dc047ec59760f5c609669;24;env_0.3628.nxt
loc.nx2;3628;3628;gamedata;5aacede1b49025dcae21a5704d3f2b94;12;loc_0.3628.nxt
lua.nx2;3628;3628;gamedata;d39b976514f8876b411c8da4619afeac;6;lua_0.3628.nxt
meshes.nx2;3628;3628;gamedata;06200881ffeae3ddedb020388c90f634;55;meshes_0.3628.nxt
modules.nx2;3628;3628;gamedata;f16e6d35f0f93602c74b7e5b9135ed6e;77;modules_0.3628.nxt
projectiles.nx2;3628;3628;gamedata;9b2cc48facf0ea753af60795b366d58c;29;projectiles_0.3628.nxt
schook.nx2;3628;3628;gamedata;9b59a0edb4914e3b7e874c3eb9bcfdfe;46;schook_0.3628.nxt
textures.nx2;3628;3628;gamedata;5a31d6641a12c171b14296963de5f200;51;textures_0.3628.nxt
units.nx2;3628;3628;gamedata;37513e38b3506c9937619dbe38b4debd;13;units_0.3628.nxt
ForgedAlliance.exe;3629;3629;bin;5d198ca82565955f8e324c09fd96f382;36;ForgedAlliance.3629.exe
init_faf.lua;3629;3629;bin;e1fede1183ca3f06bb6031fdc93823b3;143;init_faf.1.lua
faforever.faf;3629;3625;gamedata;01918c842de543150cfc20cd511986ac;103;faforever.3625.7.faf
faforever.faf;3629;3625;gamedata;01918c842de543150cfc20cd511986ac;109;faforever.3625.7.faf
init_ladder1v1.lua;3629;1;bin;ea96ac9cec88af29c08556c96465acfe;98;init_ladder1v1.1.lua
GDFBinary.dll;3629;1;bin;6f57f59c2e705d7a5a02d49e3915cb26;99;GDFBinary3603.dll
SupComDataPath.lua;3629;1;bin;55ac1ef97845f2291da64b830299331e;100;SupComDataPath.lua
SupComDataPathFAF.lua;3629;1;bin;962c9d1327657d77184adcf358c628f1;101;SupComDataPathFAF.lua
init_nonxt.lua;3629;1;bin;16da7063ae3309c154a2c544f559b3a9;102;init_nonxt.lua
effects.nx2;3629;3629;gamedata;9789f75bc4dcbf7a091a08d1a6bc5e15;82;effects_0.3629.nxt
env.nx2;3629;3629;gamedata;a47d5f627bd6e0e20d89930e367a8c03;67;env_0.3629.nxt
loc.nx2;3629;3629;gamedata;e7465ea0158ddcd900fa27e7ebd33f86;76;loc_0.3629.nxt
lua.nx2;3629;3629;gamedata;5b0b7478bd9a5096c73ad1ab49a98316;3;lua_0.3629.nxt
meshes.nx2;3629;3629;gamedata;d3212c7f80be9b086ba69b97571ac998;22;meshes_0.3629.nxt
modules.nx2;3629;3629;gamedata;3e7d3fe9e9c552ce1c7260c48f2294e2;52;modules_0.3629.nxt
projectiles.nx2;3629;3629;gamedata;5771a0b87fc9caf69c819b072681d993;94;projectiles_0.3629.nxt
schook.nx2;3629;3629;gamedata;0e947ce979b05b37a8904e20c12ce031;4;schook_0.3629.nxt
textures.nx2;3629;3629;gamedata;099da2c64a45a6cc5bec714b984da6b3;34;textures_0.3629.nxt
units.nx2;3629;3629;gamedata;7da586aa302caa2080e5c42a4e7c1539;87;units_0.3629.nxt
ForgedAlliance.exe;3630;3630;bin;ced0094490c1e6c3bc49a48bbbc8fb3a;8;ForgedAlliance.3630.exe
init_faf.lua;3630;3630;bin;e1fede1183ca3f06bb6031fdc93823b3;144;init_faf.1.lua
faforever.faf;3630;3625;gamedata;01918c842de543150cfc20cd511986ac;103;faforever.3625.7.faf
faforever.faf;3630;3625;gamedata;01918c842de543150cfc20cd511986ac;109;faforever.3625.7.faf
init_ladder1v1.lua;3630;1;bin;ea96ac9cec88af29c08556c96465acfe;98;init_ladder1v1.1.lua
GDFBinary.dll;3630;1;bin;6f57f59c2e705d7a5a02d49e3915cb26;99;GDFBinary3603.dll
SupComDataPath.lua;3630;1;bin;55ac1ef97845f2291da64b830299331e;100;SupComDataPath.lua
SupComDataPathFAF.lua;3630;1;bin;962c9d1327657d77184adcf358c628f1;101;SupComDataPathFAF.lua
init_nonxt.lua;3630;1;bin;16da7063ae3309c154a2c544f559b3a9;102;init_nonxt.lua
effects.nx2;3630;3630;gamedata;39818512a203206dd99f311c9f50d602;65;effects_0.3630.nxt
env.nx2;3630;3630;gamedata;bf7d3cdfc4939e4e4255121bcc6d4a6d;92;env_0.3630.nxt
loc.nx2;3630;3630;gamedata;dc15a67822f189b83514e8dfccae46b8;28;loc_0.3630.nxt
lua.nx2;3630;3630;gamedata;6a11fa571000145f1f9b11d932243304;20;lua_0.3630.nxt
meshes.nx2;3630;3630;gamedata;5290bd94435744e4ddb354a1b7dfbd51;57;meshes_0.3630.nxt
modules.nx2;3630;3630;gamedata;087afcd7c09b57b009792d72f6154bc7;73;modules_0.3630.nxt
projectiles.nx2;3630;3630;gamedata;2ad0b4f119219997d34e2c4c59cb40e8;88;projectiles_0.3630.nxt
schook.nx2;3630;3630;gamedata;2d8755cf378e4605a869bef3dfc558c6;18;schook_0.3630.nxt
textures.nx2;3630;3630;gamedata;77398629521941e75e263e5388676e8a;62;textures_0.3630.nxt
units.nx2;3630;3630;gamedata;ab1cc830b00d2fd1b3a28d13586277e9;23;units_0.3630.nxt
ForgedAlliance.exe;3631;3631;bin;915d94af100b2edfb1f8a75ef83d8891;39;ForgedAlliance.3631.exe
init_faf.lua;3631;3631;bin;e1fede1183ca3f06bb6031fdc93823b3;145;init_faf.1.lua
faforever.faf;3631;3625;gamedata;01918c842de543150cfc20cd511986ac;103;faforever.3625.7.faf
faforever.faf;3631;3625;gamedata;01918c842de543150cfc20cd511986ac;109;faforever.3625.7.faf
init_ladder1v1.lua;3631;1;bin;ea96ac9cec88af29c08556c96465acfe;98;init_ladder1v1.1.lua
GDFBinary.dll;3631;1;bin;6f57f59c2e705d7a5a02d49e3915cb26;99;GDFBinary3603.dll
SupComDataPath.lua;3631;1;bin;55ac1ef97845f2291da64b830299331e;100;SupComDataPath.lua
SupComDataPathFAF.lua;3631;1;bin;962c9d1327657d77184adcf358c628f1;101;SupComDataPathFAF.lua
init_nonxt.lua;3631;1;bin;16da7063ae3309c154a2c544f559b3a9;102;init_nonxt.lua
effects.nx2;3631;3631;gamedata;56fae768465009a0ffe1f12bc23d244d;89;effects_0.3631.nxt
env.nx2;3631;3631;gamedata;70e1107180a18292bed480f5bd9666ae;17;env_0.3631.nxt
loc.nx2;3631;3631;gamedata;524d604e8e48a530f725bfbcb24468d8;10;loc_0.3631.nxt
lua.nx2;3631;3631;gamedata;16cdd6f06e7d082b6d6bbab5ccc995ac;60;lua_0.3631.nxt
meshes.nx2;3631;3631;gamedata;0d65b4e271e299333f03f5c26b54a2f8;35;meshes_0.3631.nxt
modules.nx2;3631;3631;gamedata;e9b8bde1c61d24bf643e5e2e736eb270;38;modules_0.3631.nxt
projectiles.nx2;3631;3631;gamedata;e916b110e3263365a62f5d85bf8961ef;14;projectiles_0.3631.nxt
schook.nx2;3631;3631;gamedata;2de40b6039317c68c3bdc2c84ff2fbe3;50;schook_0.3631.nxt
textures.nx2;3631;3631;gamedata;b0a0b4101b1bce4a3ef5d287a9f78659;9;textures_0.3631.nxt
units.nx2;3631;3631;gamedata;450a61532f322b2513025e569692b112;64;units_0.3631.nxt
ForgedAlliance.exe;3632;3632;bin;87799aa44457df2a5964232f8c385c81;2;ForgedAlliance.3632.exe
init_faf.lua;3632;3632;bin;e1fede1183ca3f06bb6031fdc93823b3;146;init_faf.1.lua
faforever.faf;3632;3625;gamedata;01918c842de543150cfc20cd511986ac;103;faforever.3625.7.faf
faforever.faf;3632;3625;gamedata;01918c842de543150cfc20cd511986ac;109;faforever.3625.7.faf
init_ladder1v1.lua;3632;1;bin;ea96ac9cec88af29c08556c96465acfe;98;init_ladder1v1.1.lua
GDFBinary.dll;3632;1;bin;6f57f59c2e705d7a5a02d49e3915cb26;99;GDFBinary3603.dll
SupComDataPath.lua;3632;1;bin;55ac1ef97845f2291da64b830299331e;100;SupComDataPath.lua
SupComDataPathFAF.lua;3632;1;bin;962c9d1327657d77184adcf358c628f1;101;SupComDataPathFAF.lua
init_nonxt.lua;3632;1;bin;16da7063ae3309c154a2c544f559b3a9;102;init_nonxt.lua
effects.nx2;3632;3632;gamedata;cb2e299e3f359f89db9fb6163f40edd4;25;effects_0.3632.nxt
env.nx2;3632;3632;gamedata;acc5d8a9b8d8389ed208774465831c16;15;env_0.3632.nxt
loc.nx2;3632;3632;gamedata;e28e53eebc50a1c981267e4cc72d429e;47;loc_0.3632.nxt
lua.nx2;3632;3632;gamedata;546aa769e1812ba19538b940f36dd571;96;lua_0.3632.nxt
meshes.nx2;3632;3632;gamedata;14a127d202a0dd209c22d7b071ec7b4e;43;meshes_0.3632.nxt
modules.nx2;3632;3632;gamedata;5db6e901e97dc3139164af887bde1527;79;modules_0.3632.nxt
projectiles.nx2;3632;3632;gamedata;1c380af3be326a79140f6d2df9b623ac;37;projectiles_0.3632.nxt
schook.nx2;3632;3632;gamedata;f84ccceea9c97d2816c0687f60f36cd8;68;schook_0.3632.nxt
textures.nx2;3632;3632;gamedata;bd4e46bcc4f1cba90fc40239b2b03ab6;27;textures_0.3632.nxt
units.nx2;3632;3632;gamedata;6322b0ad2b6dc6fd0b33fcc956184525;40;units_0.3632.nxt
ForgedAlliance.exe;3633;3633;bin;28dafaa695000276ddbb3d6a94d5f2a2;19;ForgedAlliance.3633.exe
init_faf.lua;3633;3633;bin;e1fede1183ca3f06bb6031fdc93823b3;147;init_faf.1.lua
faforever.faf;3633;3633;gamedata;326a670ecfc5a9acacf49856dbcd1b94;166;faforever.3633.faf
init_ladder1v1.lua;3633;1;bin;ea96ac9cec88af29c08556c96465acfe;98;init_ladder1v1.1.lua
GDFBinary.dll;3633;1;bin;6f57f59c2e705d7a5a02d49e3915cb26;99;GDFBinary3603.dll
SupComDataPath.lua;3633;1;bin;55ac1ef97845f2291da64b830299331e;100;SupComDataPath.lua
SupComDataPathFAF.lua;3633;1;bin;962c9d1327657d77184adcf358c628f1;101;SupComDataPathFAF.lua
init_nonxt.lua;3633;1;bin;16da7063ae3309c154a2c544f559b3a9;102;init_nonxt.lua
effects.nx2;3633;3633;gamedata;de7e753d2f0d1dbbbc83262897659683;53;effects_0.3633.nxt
env.nx2;3633;3633;gamedata;53d298702c14e30845834c0251592527;49;env_0.3633.nxt
loc.nx2;3633;3633;gamedata;7049c9370cbea3ff6390448fac200e8e;66;loc_0.3633.nxt
lua.nx2;3633;3633;gamedata;4d4f342cf05ff90f45960202e25067fd;11;lua_0.3633.nxt
meshes.nx2;3633;3633;gamedata;ef752a9b0c9a0e213cca6e97873d44a1;84;meshes_0.3633.nxt
modules.nx2;3633;3633;gamedata;b8e17a87bc7ee3aee43a6e67a7032320;32;modules_0.3633.nxt
projectiles.nx2;3633;3633;gamedata;79cb628b540bf8acdadc9d076caa281c;1;projectiles_0.3633.nxt
schook.nx2;3633;3633;gamedata;42c3bb0fa444e39cf87890b9deed4714;80;schook_0.3633.nxt
textures.nx2;3633;3633;gamedata;c9b5e1f7156d2e967276313fc2a25cc1;48;textures_0.3633.nxt
units.nx2;3633;3633;gamedata;3d3cf298cad8bb890f00688ab3750879;93;units_0.3633.nxt
ForgedAlliance.exe;3634;3634;bin;0ed4a1e0a25939ef964e1cfb6c7e14b6;175;ForgedAlliance.3634.exe
init_faf.lua;3634;3633;bin;e1fede1183ca3f06bb6031fdc93823b3;147;init_faf.1.lua
faforever.faf;3634;3634;gamedata;51c196294638c22071dc8ee01e55771e;179;faforever.3634.faf
init_ladder1v1.lua;3634;1;bin;ea96ac9cec88af29c08556c96465acfe;98;init_ladder1v1.1.lua
GDFBinary.dll;3634;1;bin;6f57f59c2e705d7a5a02d49e3915cb26;99;GDFBinary3603.dll
SupComDataPath.lua;3634;1;bin;55ac1ef97845f2291da64b830299331e;100;SupComDataPath.lua
SupComDataPathFAF.lua;3634;1;bin;962c9d1327657d77184adcf358c628f1;101;SupComDataPathFAF.lua
init_nonxt.lua;3634;1;bin;16da7063ae3309c154a2c544f559b3a9;102;init_nonxt.lua
effects.nx2;3634;3634;gamedata;5ad6bdd874143757670666cb8069509d;172;effects_0.3634.nxt
env.nx2;3634;3634;gamedata;53d298702c14e30845834c0251592527;169;env_0.3634.nxt
loc.nx2;3634;3634;gamedata;13eff052b46ef57d2494318f93ff7165;173;loc_0.3634.nxt
lua.nx2;3634;3634;gamedata;299b98f567d2f5c94538590a89f63572;167;lua_0.3634.nxt
meshes.nx2;3634;3634;gamedata;ef752a9b0c9a0e213cca6e97873d44a1;177;meshes_0.3634.nxt
modules.nx2;3634;3634;gamedata;b8e17a87bc7ee3aee43a6e67a7032320;176;modules_0.3634.nxt
projectiles.nx2;3634;3634;gamedata;e8de82b180f7ae1d8bbcbb19f9d4248b;170;projectiles_0.3634.nxt
schook.nx2;3634;3634;gamedata;42c3bb0fa444e39cf87890b9deed4714;171;schook_0.3634.nxt
textures.nx2;3634;3634;gamedata;f4032a4f5b77b1821e82da41ffa76d44;168;textures_0.3634.nxt
units.nx2;3634;3634;gamedata;369bf914b3d118301e00ada469779174;174;units_0.3634.nxt
ForgedAlliance.exe;3636;3636;bin;d04c376ef5d9e7a3cf99f4dbe4b0bb12;189;ForgedAlliance.3636.exe
init_faf.lua;3636;3633;bin;e1fede1183ca3f06bb6031fdc93823b3;147;init_faf.1.lua
faforever.faf;3636;3634;gamedata;51c196294638c22071dc8ee01e55771e;179;faforever.3634.faf
init_ladder1v1.lua;3636;1;bin;ea96ac9cec88af29c08556c96465acfe;98;init_ladder1v1.1.lua
GDFBinary.dll;3636;1;bin;6f57f59c2e705d7a5a02d49e3915cb26;99;GDFBinary3603.dll
SupComDataPath.lua;3636;1;bin;55ac1ef97845f2291da64b830299331e;100;SupComDataPath.lua
SupComDataPathFAF.lua;3636;1;bin;962c9d1327657d77184adcf358c628f1;101;SupComDataPathFAF.lua
init_nonxt.lua;3636;1;bin;16da7063ae3309c154a2c544f559b3a9;102;init_nonxt.lua
effects.nx2;3636;3636;gamedata;df11b1cc8eeaed0e21fa5b023228300c;180;effects_0.3636.nxt
env.nx2;3636;3636;gamedata;59c0e86ba51b94a4e9e3cf03408a4a4f;181;env_0.3636.nxt
loc.nx2;3636;3636;gamedata;29677357909716a89901b40a0eca7b2c;182;loc_0.3636.nxt
lua.nx2;3636;3636;gamedata;6ff850d1daa9dce6579a8972d40a6bfd;183;lua_0.3636.nxt
meshes.nx2;3636;3636;gamedata;b1e06cea9edacc87c7a57e01a179a021;184;meshes_0.3636.nxt
modules.nx2;3636;3636;gamedata;3e7600e6683c9d3ebfca2829f03e6d22;185;modules_0.3636.nxt
projectiles.nx2;3636;3636;gamedata;9ee2c8d1892b104ff2c95685aa6cb3fb;186;projectiles_0.3636.nxt
schook.nx2;3636;3636;gamedata;40d5c5fe016b2eafefc2b759172806c9;187;schook_0.3636.nxt
textures.nx2;3636;3636;gamedata;f71b926d88a6116897e8dd9fe15ddb46;188;textures_0.3636.nxt
units.nx2;3636;3636;gamedata;0cd14d4fe6fb78603f8ef0148af991d0;190;units_0.3636.nxt
ForgedAlliance.exe;3637;3637;bin;4f023b90923ff14491ededd6c825c4ec;191;ForgedAlliance.3637.exe
init_faf.lua;3637;3633;bin;e1fede1183ca3f06bb6031fdc93823b3;147;init_faf.1.lua
faforever.faf;3637;3634;gamedata;51c196294638c22071dc8ee01e55771e;179;faforever.3634.faf
init_ladder1v1.lua;3637;1;bin;ea96ac9cec88af29c08556c96465acfe;98;init_ladder1v1.1.lua
GDFBinary.dll;3637;1;bin;6f57f59c2e705d7a5a02d49e3915cb26;99;GDFBinary3603.dll
SupComDataPath.lua;3637;1;bin;55ac1ef97845f2291da64b830299331e;100;SupComDataPath.lua
SupComDataPathFAF.lua;3637;1;bin;962c9d1327657d77184adcf358c628f1;101;SupComDataPathFAF.lua
init_nonxt.lua;3637;1;bin;16da7063ae3309c154a2c544f559b3a9;102;init_nonxt.lua
effects.nx2;3637;3636;gamedata;df11b1cc8eeaed0e21fa5b023228300c;180;effects_0.3636.nxt
env.nx2;3637;3636;gamedata;59c0e86ba51b94a4e9e3cf03408a4a4f;181;env_0.3636.nxt
loc.nx2;3637;3636;gamedata;29677357909716a89901b40a0eca7b2c;182;loc_0.3636.nxt
lua.nx2;3637;3637;gamedata;c0f7f758b550eaafb121d88e23efbba6;192;lua_0.3637.nxt
meshes.nx2;3637;3636;gamedata;b1e06cea9edacc87c7a57e01a179a021;184;meshes_0.3636.nxt
modules.nx2;3637;3637;gamedata;746f1db8f321e4c6ed0be448557ca073;193;modules_0.3637.nxt
projectiles.nx2;3637;3636;gamedata;9ee2c8d1892b104ff2c95685aa6cb3fb;186;projectiles_0.3636.nxt
schook.nx2;3637;3636;gamedata;40d5c5fe016b2eafefc2b759172806c9;187;schook_0.3636.nxt
textures.nx2;3637;3636;gamedata;f71b926d88a6116897e8dd9fe15ddb46;188;textures_0.3636.nxt
units.nx2;3637;3637;gamedata;a9d9f749eff8dc2c4fc658eba56d51bc;194;units_0.3637.nxt
ForgedAlliance.exe;3638;3637;bin;4f023b90923ff14491ededd6c825c4ec;191;ForgedAlliance.3637.exe
init_faf.lua;3638;3633;bin;e1fede1183ca3f06bb6031fdc93823b3;147;init_faf.1.lua
faforever.faf;3638;3634;gamedata;51c196294638c22071dc8ee01e55771e;179;faforever.3634.faf
init_ladder1v1.lua;3638;1;bin;ea96ac9cec88af29c08556c96465acfe;98;init_ladder1v1.1.lua
GDFBinary.dll;3638;1;bin;6f57f59c2e705d7a5a02d49e3915cb26;99;GDFBinary3603.dll
SupComDataPath.lua;3638;1;bin;55ac1ef97845f2291da64b830299331e;100;SupComDataPath.lua
SupComDataPathFAF.lua;3638;1;bin;962c9d1327657d77184adcf358c628f1;101;SupComDataPathFAF.lua
init_nonxt.lua;3638;1;bin;16da7063ae3309c154a2c544f559b3a9;102;init_nonxt.lua
effects.nx2;3638;3636;gamedata;df11b1cc8eeaed0e21fa5b023228300c;180;effects_0.3636.nxt
env.nx2;3638;3638;gamedata;d479b6f5510d838448b85d9cdca6418f;195;env_0.3638.nxt
loc.nx2;3638;3636;gamedata;29677357909716a89901b40a0eca7b2c;182;loc_0.3636.nxt
lua.nx2;3638;3637;gamedata;c0f7f758b550eaafb121d88e23efbba6;192;lua_0.3637.nxt
meshes.nx2;3638;3636;gamedata;b1e06cea9edacc87c7a57e01a179a021;184;meshes_0.3636.nxt
modules.nx2;3638;3637;gamedata;746f1db8f321e4c6ed0be448557ca073;193;modules_0.3637.nxt
projectiles.nx2;3638;3636;gamedata;9ee2c8d1892b104ff2c95685aa6cb3fb;186;projectiles_0.3636.nxt
schook.nx2;3638;3636;gamedata;40d5c5fe016b2eafefc2b759172806c9;187;schook_0.3636.nxt
textures.nx2;3638;3636;gamedata;f71b926d88a6116897e8dd9fe15ddb46;188;textures_0.3636.nxt
units.nx2;3638;3637;gamedata;a9d9f749eff8dc2c4fc658eba56d51bc;194;units_0.3637.nxt
ForgedAlliance.exe;3639;3639;bin;0e057053dba19c2aa1dd1494fd7a45cb;207;ForgedAlliance.3639.exe
init_faf.lua;3639;3639;bin;a5766d65adfa871b7ab661b1c92392fd;206;init_faf_3639.lua
faforever.faf;3639;3634;gamedata;51c196294638c22071dc8ee01e55771e;179;faforever.3634.faf
init_ladder1v1.lua;3639;1;bin;ea96ac9cec88af29c08556c96465acfe;98;init_ladder1v1.1.lua
GDFBinary.dll;3639;1;bin;6f57f59c2e705d7a5a02d49e3915cb26;99;GDFBinary3603.dll
SupComDataPath.lua;3639;1;bin;55ac1ef97845f2291da64b830299331e;100;SupComDataPath.lua
SupComDataPathFAF.lua;3639;1;bin;962c9d1327657d77184adcf358c628f1;101;SupComDataPathFAF.lua
init_nonxt.lua;3639;1;bin;16da7063ae3309c154a2c544f559b3a9;102;init_nonxt.lua
effects.nx2;3639;3639;gamedata;03bedb5b662b48602c3e5f443d4bdd80;196;effects_0.3639.nxt
env.nx2;3639;3639;gamedata;c8e06a7315aa17c5ed7e2cc6d6ecee99;197;env_0.3639.nxt
loc.nx2;3639;3639;gamedata;b761276596401c04dac01c81463891c3;198;loc_0.3639.nxt
lua.nx2;3639;3639;gamedata;37df67a68e07857649c667d0e7a266c0;199;lua_0.3639.nxt
meshes.nx2;3639;3639;gamedata;e5dbdaf65e7820b60a398eb98136fa4c;200;meshes_0.3639.nxt
modules.nx2;3639;3639;gamedata;5580aa219315a88af3b6b63791cda1e7;201;modules_0.3639.nxt
projectiles.nx2;3639;3639;gamedata;a20c07ca43cab1624cb9d75c804a3b23;202;projectiles_0.3639.nxt
schook.nx2;3639;3639;gamedata;160f4ea3749dd09be54dcbc915355a8c;203;schook_0.3639.nxt
textures.nx2;3639;3639;gamedata;fc10ede3cbb14790557803f4a69c8bec;204;textures_0.3639.nxt
units.nx2;3639;3639;gamedata;7c66db67cb2c72ffcb8e0984915f8012;205;units_0.3639.nxt
ForgedAlliance.exe;3640;3640;bin;dcf82138bb46628d99861c64d21407b7;211;ForgedAlliance.3640.exe
init_faf.lua;3640;3640;bin;68ab7cb504a9a6c349f748c2d5db38c3;212;init_faf_3640.lua
faforever.faf;3640;3634;gamedata;51c196294638c22071dc8ee01e55771e;179;faforever.3634.faf
init_ladder1v1.lua;3640;1;bin;ea96ac9cec88af29c08556c96465acfe;98;init_ladder1v1.1.lua
GDFBinary.dll;3640;1;bin;6f57f59c2e705d7a5a02d49e3915cb26;99;GDFBinary3603.dll
SupComDataPath.lua;3640;1;bin;55ac1ef97845f2291da64b830299331e;100;SupComDataPath.lua
SupComDataPathFAF.lua;3640;1;bin;962c9d1327657d77184adcf358c628f1;101;SupComDataPathFAF.lua
init_nonxt.lua;3640;1;bin;16da7063ae3309c154a2c544f559b3a9;102;init_nonxt.lua
effects.nx2;3640;3640;gamedata;0ec223aff3ceadcbe5de4dd298910c0b;223;effects_0.3640.nxt
env.nx2;3640;3640;gamedata;c51dd6abf58aa8211bc983f762b4cddd;224;env_0.3640.nxt
loc.nx2;3640;3640;gamedata;6360fd213423ede3ce5cb96d05a94628;225;loc_0.3640.nxt
lua.nx2;3640;3640;gamedata;a7d8d305248680d5eb31e2c5be68ab9b;226;lua_0.3640.nxt
meshes.nx2;3640;3640;gamedata;a5bab3e4afa8741b66739197eacb4634;217;meshes_0.3640.nxt
modules.nx2;3640;3640;gamedata;d5bc4cb9ed82009c00d5fc4cf47280ea;218;modules_0.3640.nxt
projectiles.nx2;3640;3640;gamedata;00a899843e3e5cea743699462bae09a9;219;projectiles_0.3640.nxt
schook.nx2;3640;3640;gamedata;0264ce6ebbef6ca398591904cda4a1e3;227;schook_0.3640.nxt
textures.nx2;3640;3640;gamedata;b0465f6d271f49d901ab1842c3cf5cc4;228;textures_0.3640.nxt
units.nx2;3640;3640;gamedata;fbcab9bb92820a0897faea4a4d5e7da8;222;units_0.3640.nxt
ForgedAlliance.exe;3641;3641;bin;86906c96c7ab0f1e88f951ddc6d3c089;249;ForgedAlliance.3641.exe
init_faf.lua;3641;3640;bin;68ab7cb504a9a6c349f748c2d5db38c3;212;init_faf_3640.lua
faforever.faf;3641;3634;gamedata;51c196294638c22071dc8ee01e55771e;179;faforever.3634.faf
init_ladder1v1.lua;3641;1;bin;ea96ac9cec88af29c08556c96465acfe;98;init_ladder1v1.1.lua
GDFBinary.dll;3641;1;bin;6f57f59c2e705d7a5a02d49e3915cb26;99;GDFBinary3603.dll
SupComDataPath.lua;3641;1;bin;55ac1ef97845f2291da64b830299331e;100;SupComDataPath.lua
SupComDataPathFAF.lua;3641;1;bin;962c9d1327657d77184adcf358c628f1;101;SupComDataPathFAF.lua
init_nonxt.lua;3641;1;bin;16da7063ae3309c154a2c544f559b3a9;102;init_nonxt.lua
effects.nx2;3641;3641;gamedata;852d8f1edb69b0f8b1eeaeff8a425655;239;effects_0.3641.nxt
env.nx2;3641;3641;gamedata;90b316f705bf49ff7416a8b5cabc7b6d;240;env_0.3641.nxt
loc.nx2;3641;3641;gamedata;645f7f71b46ec5d500f19e05ed055fdb;241;loc_0.3641.nxt
lua.nx2;3641;3641;gamedata;0e38f6686dd0abab0e7b8ec919217b71;242;lua_0.3641.nxt
meshes.nx2;3641;3641;gamedata;2cf16b2c841bca53122c7efd3949b691;243;meshes_0.3641.nxt
modules.nx2;3641;3641;gamedata;f49d3cf00677b1ece7ef354e26d0398b;244;modules_0.3641.nxt
projectiles.nx2;3641;3641;gamedata;f3bdd4171255fd71fdefbf1d7bf0cffb;245;projectiles_0.3641.nxt
schook.nx2;3641;3641;gamedata;bdf517e78380e4237abc5709c3959efd;246;schook_0.3641.nxt
textures.nx2;3641;3641;gamedata;8ec134fe0eb12f0a81d4d8af82262b17;247;textures_0.3641.nxt
units.nx2;3641;3641;gamedata;12e503abc65889b320d63e340d708fd3;248;units_0.3641.nxt
ForgedAlliance.exe;3642;3642;bin;68ca8130ec2fa999bf6840c82dc2fff8;260;ForgedAlliance.3642.exe
init_faf.lua;3642;3640;bin;68ab7cb504a9a6c349f748c2d5db38c3;212;init_faf_3640.lua
faforever.faf;3642;3634;gamedata;51c196294638c22071dc8ee01e55771e;179;faforever.3634.faf
init_ladder1v1.lua;3642;1;bin;ea96ac9cec88af29c08556c96465acfe;98;init_ladder1v1.1.lua
GDFBinary.dll;3642;1;bin;6f57f59c2e705d7a5a02d49e3915cb26;99;GDFBinary3603.dll
SupComDataPath.lua;3642;1;bin;55ac1ef97845f2291da64b830299331e;100;SupComDataPath.lua
SupComDataPathFAF.lua;3642;1;bin;962c9d1327657d77184adcf358c628f1;101;SupComDataPathFAF.lua
init_nonxt.lua;3642;1;bin;16da7063ae3309c154a2c544f559b3a9;102;init_nonxt.lua
effects.nx2;3642;3642;gamedata;852d8f1edb69b0f8b1eeaeff8a425655;301;effects_0.3642.nxt
env.nx2;3642;3642;gamedata;90b316f705bf49ff7416a8b5cabc7b6d;302;env_0.3642.nxt
loc.nx2;3642;3642;gamedata;645f7f71b46ec5d500f19e05ed055fdb;303;loc_0.3642.nxt
lua.nx2;3642;3642;gamedata;8e8338d59ff51599ae30d9f39e903c52;304;lua_0.3642.nxt
meshes.nx2;3642;3642;gamedata;2cf16b2c841bca53122c7efd3949b691;305;meshes_0.3642.nxt
modules.nx2;3642;3642;gamedata;f49d3cf00677b1ece7ef354e26d0398b;306;modules_0.3642.nxt
projectiles.nx2;3642;3642;gamedata;f3bdd4171255fd71fdefbf1d7bf0cffb;307;projectiles_0.3642.nxt
schook.nx2;3642;3642;gamedata;bdf517e78380e4237abc5709c3959efd;308;schook_0.3642.nxt
textures.nx2;3642;3642;gamedata;8ec134fe0eb12f0a81d4d8af82262b17;309;textures_0.3642.nxt
units.nx2;3642;3642;gamedata;da82dc7ee47e9184b3a6c2608081e75f;310;units_0.3642.nxt
ForgedAlliance.exe;3643;3643;bin;062f7a0e2c4fad0555c5217a9498f812;311;ForgedAlliance.3643.exe
init_faf.lua;3643;3640;bin;68ab7cb504a9a6c349f748c2d5db38c3;212;init_faf_3640.lua
faforever.faf;3643;3634;gamedata;51c196294638c22071dc8ee01e55771e;179;faforever.3634.faf
init_ladder1v1.lua;3643;1;bin;ea96ac9cec88af29c08556c96465acfe;98;init_ladder1v1.1.lua
GDFBinary.dll;3643;1;bin;6f57f59c2e705d7a5a02d49e3915cb26;99;GDFBinary3603.dll
SupComDataPath.lua;3643;1;bin;55ac1ef97845f2291da64b830299331e;100;SupComDataPath.lua
SupComDataPathFAF.lua;3643;1;bin;962c9d1327657d77184adcf358c628f1;101;SupComDataPathFAF.lua
init_nonxt.lua;3643;1;bin;16da7063ae3309c154a2c544f559b3a9;102;init_nonxt.lua
effects.nx2;3643;3643;gamedata;852d8f1edb69b0f8b1eeaeff8a425655;320;effects_0.3643.nxt
env.nx2;3643;3643;gamedata;25d0a20db863cb7b1a578e543a375ee3;321;env_0.3643.nxt
loc.nx2;3643;3643;gamedata;403232c8a11125057410c84b11af1618;322;loc_0.3643.nxt
lua.nx2;3643;3643;gamedata;b1af7e2b6c5113d60d18498b33f93a91;323;lua_0.3643.nxt
meshes.nx2;3643;3643;gamedata;2cf16b2c841bca53122c7efd3949b691;324;meshes_0.3643.nxt
modules.nx2;3643;3643;gamedata;38f12974e5e0898d9188c2aae1edc47a;325;modules_0.3643.nxt
projectiles.nx2;3643;3643;gamedata;f3bdd4171255fd71fdefbf1d7bf0cffb;326;projectiles_0.3643.nxt
schook.nx2;3643;3643;gamedata;8b7515451b95af8e14924c2849617da2;327;schook_0.3643.nxt
textures.nx2;3643;3643;gamedata;aa24a6c1f7588a69921403465c75b868;328;textures_0.3643.nxt
units.nx2;3643;3643;gamedata;2380f810c215f9f6721a250d2780fbc3;329;units_0.3643.nxt
ForgedAlliance.exe;3644;3644;bin;d387d689aea382bcb43346f880d92202;342;ForgedAlliance.3644.exe
init_faf.lua;3644;3640;bin;68ab7cb504a9a6c349f748c2d5db38c3;212;init_faf_3640.lua
faforever.faf;3644;3634;gamedata;51c196294638c22071dc8ee01e55771e;179;faforever.3634.faf
init_ladder1v1.lua;3644;1;bin;ea96ac9cec88af29c08556c96465acfe;98;init_ladder1v1.1.lua
GDFBinary.dll;3644;1;bin;6f57f59c2e705d7a5a02d49e3915cb26;99;GDFBinary3603.dll
SupComDataPath.lua;3644;1;bin;55ac1ef97845f2291da64b830299331e;100;SupComDataPath.lua
SupComDataPathFAF.lua;3644;1;bin;962c9d1327657d77184adcf358c628f1;101;SupComDataPathFAF.lua
init_nonxt.lua;3644;1;bin;16da7063ae3309c154a2c544f559b3a9;102;init_nonxt.lua
effects.nx2;3644;3644;gamedata;dbeab47fa2a728f51692c7dfba13b171;412;effects_0.3644.nxt
env.nx2;3644;3644;gamedata;25d0a20db863cb7b1a578e543a375ee3;413;env_0.3644.nxt
loc.nx2;3644;3644;gamedata;645ec466bd8c2fb8858a234f2f1b690e;414;loc_0.3644.nxt
lua.nx2;3644;3644;gamedata;cc7487a5352f520ad9f8621e3347dcdb;415;lua_0.3644.nxt
meshes.nx2;3644;3644;gamedata;2cf16b2c841bca53122c7efd3949b691;416;meshes_0.3644.nxt
modules.nx2;3644;3644;gamedata;38f12974e5e0898d9188c2aae1edc47a;417;modules_0.3644.nxt
projectiles.nx2;3644;3644;gamedata;f3bdd4171255fd71fdefbf1d7bf0cffb;418;projectiles_0.3644.nxt
schook.nx2;3644;3644;gamedata;273bea7e482c191b596f658538b2192d;419;schook_0.3644.nxt
textures.nx2;3644;3644;gamedata;c6f254d327423160cc52135e5ad89c96;420;textures_0.3644.nxt
units.nx2;3644;3644;gamedata;daa31042bddeb3cd4aec45b1ca0ed01a;421;units_0.3644.nxt
etc.nx2;3644;3644;gamedata;7de2a56ba8d16315587963aedcce7b10;422;etc_0.3644.nxt
ForgedAlliance.exe;3646;3646;bin;5586be538563fa3b7d99393040ad752b;423;ForgedAlliance.3646.exe
init_faf.lua;3646;3640;bin;68ab7cb504a9a6c349f748c2d5db38c3;212;init_faf_3640.lua
faforever.faf;3646;3634;gamedata;51c196294638c22071dc8ee01e55771e;179;faforever.3634.faf
init_ladder1v1.lua;3646;1;bin;ea96ac9cec88af29c08556c96465acfe;98;init_ladder1v1.1.lua
GDFBinary.dll;3646;1;bin;6f57f59c2e705d7a5a02d49e3915cb26;99;GDFBinary3603.dll
SupComDataPath.lua;3646;1;bin;55ac1ef97845f2291da64b830299331e;100;SupComDataPath.lua
SupComDataPathFAF.lua;3646;1;bin;962c9d1327657d77184adcf358c628f1;101;SupComDataPathFAF.lua
init_nonxt.lua;3646;1;bin;16da7063ae3309c154a2c544f559b3a9;102;init_nonxt.lua
effects.nx2;3646;3646;gamedata;dbeab47fa2a728f51692c7dfba13b171;485;effects_0.3646.nxt
env.nx2;3646;3646;gamedata;25d0a20db863cb7b1a578e543a375ee3;486;env_0.3646.nxt
loc.nx2;3646;3646;gamedata;652fc055c4d405cbf91a88dad3f858f1;487;loc_0.3646.nxt
lua.nx2;3646;3646;gamedata;becc26bc048e83a33264526c6aec6d90;488;lua_0.3646.nxt
meshes.nx2;3646;3646;gamedata;2cf16b2c841bca53122c7efd3949b691;489;meshes_0.3646.nxt
modules.nx2;3646;3646;gamedata;38f12974e5e0898d9188c2aae1edc47a;490;modules_0.3646.nxt
projectiles.nx2;3646;3646;gamedata;f3bdd4171255fd71fdefbf1d7bf0cffb;491;projectiles_0.3646.nxt
schook.nx2;3646;3646;gamedata;273bea7e482c191b596f658538b2192d;492;schook_0.3646.nxt
textures.nx2;3646;3646;gamedata;c6f254d327423160cc52135e5ad89c96;493;textures_0.3646.nxt
units.nx2;3646;3646;gamedata;3e0d38d26313bbffbdc39b0ed731c78f;494;units_0.3646.nxt
etc.nx2;3646;3646;gamedata;c86923bc4659d9c6b583bc12005616bb;495;etc_0.3646.nxt
ForgedAlliance.exe;3648;3648;bin;68174e5736aaaa8e066e32244d4fa02d;499;ForgedAlliance.3648.exe
init_faf.lua;3648;3640;bin;68ab7cb504a9a6c349f748c2d5db38c3;212;init_faf_3640.lua
faforever.faf;3648;3634;gamedata;51c196294638c22071dc8ee01e55771e;179;faforever.3634.faf
init_ladder1v1.lua;3648;1;bin;ea96ac9cec88af29c08556c96465acfe;98;init_ladder1v1.1.lua
GDFBinary.dll;3648;1;bin;6f57f59c2e705d7a5a02d49e3915cb26;99;GDFBinary3603.dll
SupComDataPath.lua;3648;1;bin;55ac1ef97845f2291da64b830299331e;100;SupComDataPath.lua
SupComDataPathFAF.lua;3648;1;bin;962c9d1327657d77184adcf358c628f1;101;SupComDataPathFAF.lua
init_nonxt.lua;3648;1;bin;16da7063ae3309c154a2c544f559b3a9;102;init_nonxt.lua
effects.nx2;3648;3648;gamedata;dbeab47fa2a728f51692c7dfba13b171;508;effects_0.3648.nxt
env.nx2;3648;3648;gamedata;25d0a20db863cb7b1a578e543a375ee3;509;env_0.3648.nxt
loc.nx2;3648;3648;gamedata;bb2ee463674b6d06ef8e399821fb86ad;510;loc_0.3648.nxt
lua.nx2;3648;3648;gamedata;8eff7800270a29fecf4da64a9c676cb5;511;lua_0.3648.nxt
meshes.nx2;3648;3648;gamedata;2cf16b2c841bca53122c7efd3949b691;512;meshes_0.3648.nxt
modules.nx2;3648;3648;gamedata;38f12974e5e0898d9188c2aae1edc47a;513;modules_0.3648.nxt
projectiles.nx2;3648;3648;gamedata;f3bdd4171255fd71fdefbf1d7bf0cffb;514;projectiles_0.3648.nxt
schook.nx2;3648;3648;gamedata;15afbb3bcca108dd0bfe6138fd954a63;515;schook_0.3648.nxt
textures.nx2;3648;3648;gamedata;c6f254d327423160cc52135e5ad89c96;516;textures_0.3648.nxt
units.nx2;3648;3648;gamedata;3e0d38d26313bbffbdc39b0ed731c78f;517;units_0.3648.nxt
etc.nx2;3648;3648;gamedata;4f8749f8b59295dbfab26f6f21f4239b;520;etc_0.3648.nxt
ForgedAlliance.exe;3650;3650;bin;a78a315d858ff3848ebf4d9d31224abe;521;ForgedAlliance.3650.exe
init_faf.lua;3650;3640;bin;68ab7cb504a9a6c349f748c2d5db38c3;212;init_faf_3640.lua
faforever.faf;3650;3634;gamedata;51c196294638c22071dc8ee01e55771e;179;faforever.3634.faf
init_ladder1v1.lua;3650;1;bin;ea96ac9cec88af29c08556c96465acfe;98;init_ladder1v1.1.lua
GDFBinary.dll;3650;1;bin;6f57f59c2e705d7a5a02d49e3915cb26;99;GDFBinary3603.dll
SupComDataPath.lua;3650;1;bin;55ac1ef97845f2291da64b830299331e;100;SupComDataPath.lua
SupComDataPathFAF.lua;3650;1;bin;962c9d1327657d77184adcf358c628f1;101;SupComDataPathFAF.lua
init_nonxt.lua;3650;1;bin;16da7063ae3309c154a2c544f559b3a9;102;init_nonxt.lua
effects.nx2;3650;3650;gamedata;c17e9159e0ca11f451f2b7f54fbfa5b1;578;effects_0.3650.nxt
env.nx2;3650;3650;gamedata;32a50729cb5155ec679771f38a151d29;579;env_0.3650.nxt
loc.nx2;3650;3650;gamedata;16726ef7598718e8be072f8561e5234a;580;loc_0.3650.nxt
lua.nx2;3650;3650;gamedata;3203f4281f6d5d0af3d2e4c55af6762a;581;lua_0.3650.nxt
meshes.nx2;3650;3650;gamedata;200972ee316ed09371dc9f357505bd66;582;meshes_0.3650.nxt
modules.nx2;3650;3650;gamedata;6a81c76137fe7fe6579c55aabf03dbb7;583;modules_0.3650.nxt
projectiles.nx2;3650;3650;gamedata;40fe48575ee2264bd2c21e2686d74cbf;584;projectiles_0.3650.nxt
schook.nx2;3650;3650;gamedata;08343860d1710621f3773932405fc70f;585;schook_0.3650.nxt
textures.nx2;3650;3650;gamedata;dc38f509c49d540bc445bd0afaed222c;586;textures_0.3650.nxt
units.nx2;3650;3650;gamedata;4bb83e875eadf52c437b0573bf350b3d;587;units_0.3650.nxt
etc.nx2;3650;3650;gamedata;cb38d0bc92e4d01b8afce879bd3ab669;588;etc_0.3650.nxt
ForgedAlliance.exe;3652;3652;bin;b327ec37aa2e7b18fb87eddc20bff3a1;611;ForgedAlliance.3652.exe
init_faf.lua;3652;3640;bin;68ab7cb504a9a6c349f748c2d5db38c3;212;init_faf_3640.lua
faforever.faf;3652;3634;gamedata;51c196294638c22071dc8ee01e55771e;179;faforever.3634.faf
init_ladder1v1.lua;3652;1;bin;ea96ac9cec88af29c08556c96465acfe;98;init_ladder1v1.1.lua
GDFBinary.dll;3652;1;bin;6f57f59c2e705d7a5a02d49e3915cb26;99;GDFBinary3603.dll
SupComDataPath.lua;3652;1;bin;55ac1ef97845f2291da64b830299331e;100;SupComDataPath.lua
SupComDataPathFAF.lua;3652;1;bin;962c9d1327657d77184adcf358c628f1;101;SupComDataPathFAF.lua
init_nonxt.lua;3652;1;bin;16da7063ae3309c154a2c544f559b3a9;102;init_nonxt.lua
effects.nx2;3652;3652;gamedata;7823e173c153ce3fc2977c68c54f1a3c;645;effects_0.3652.nxt
env.nx2;3652;3652;gamedata;32a50729cb5155ec679771f38a151d29;646;env_0.3652.nxt
loc.nx2;3652;3652;gamedata;670934cd424bc14e85c389c73e9f4175;647;loc_0.3652.nxt
lua.nx2;3652;3652;gamedata;d4e3f6ff0d11e1129c17d3ff84a77681;648;lua_0.3652.nxt
meshes.nx2;3652;3652;gamedata;200972ee316ed09371dc9f357505bd66;649;meshes_0.3652.nxt
modules.nx2;3652;3652;gamedata;e20fec02e2251b5085cbe4096b7769a9;650;modules_0.3652.nxt
projectiles.nx2;3652;3652;gamedata;c1a7b415a3f5477470150e91580ccf19;651;projectiles_0.3652.nxt
schook.nx2;3652;3652;gamedata;122e008515f6a33e2d7936650373423e;652;schook_0.3652.nxt
textures.nx2;3652;3652;gamedata;7442b94d99b13fa9ddc9a8e7fdf8c653;653;textures_0.3652.nxt
units.nx2;3652;3652;gamedata;b08994bf3e57bb2f704d6f1d9f09ec3a;654;units_0.3652.nxt
etc.nx2;3652;3652;gamedata;3514201b87653551cf5db696556ec475;655;etc_0.3652.nxt
ForgedAlliance.exe;3654;3654;bin;fb1fc37092851139a355322f90ea65de;678;ForgedAlliance.3654.exe
init_faf.lua;3654;3640;bin;68ab7cb504a9a6c349f748c2d5db38c3;212;init_faf_3640.lua
faforever.faf;3654;3634;gamedata;51c196294638c22071dc8ee01e55771e;179;faforever.3634.faf
init_ladder1v1.lua;3654;1;bin;ea96ac9cec88af29c08556c96465acfe;98;init_ladder1v1.1.lua
GDFBinary.dll;3654;1;bin;6f57f59c2e705d7a5a02d49e3915cb26;99;GDFBinary3603.dll
SupComDataPath.lua;3654;1;bin;55ac1ef97845f2291da64b830299331e;100;SupComDataPath.lua
SupComDataPathFAF.lua;3654;1;bin;962c9d1327657d77184adcf358c628f1;101;SupComDataPathFAF.lua
init_nonxt.lua;3654;1;bin;16da7063ae3309c154a2c544f559b3a9;102;init_nonxt.lua
effects.nx2;3654;3654;gamedata;7823e173c153ce3fc2977c68c54f1a3c;667;effects_0.3654.nxt
env.nx2;3654;3654;gamedata;32a50729cb5155ec679771f38a151d29;668;env_0.3654.nxt
loc.nx2;3654;3654;gamedata;46d32866b65f83d4deea814feee561f8;669;loc_0.3654.nxt
lua.nx2;3654;3654;gamedata;89fa817cb7d49ee5faa9dfbd90cdab69;670;lua_0.3654.nxt
meshes.nx2;3654;3654;gamedata;200972ee316ed09371dc9f357505bd66;671;meshes_0.3654.nxt
modules.nx2;3654;3654;gamedata;e20fec02e2251b5085cbe4096b7769a9;672;modules_0.3654.nxt
projectiles.nx2;3654;3654;gamedata;5625cb7878353c55555f496a1b092e6c;673;projectiles_0.3654.nxt
schook.nx2;3654;3654;gamedata;122e008515f6a33e2d7936650373423e;674;schook_0.3654.nxt
textures.nx2;3654;3654;gamedata;7442b94d99b13fa9ddc9a8e7fdf8c653;675;textures_0.3654.nxt
units.nx2;3654;3654;gamedata;8040a703b7d6a1d610a0a7779881ab8b;676;units_0.3654.nxt
etc.nx2;3654;3654;gamedata;3514201b87653551cf5db696556ec475;677;etc_0.3654.nxt
ForgedAlliance.exe;3656;3656;bin;566cccf71dd66eb8e405641bf1adb4b5;682;ForgedAlliance.3656.exe
init_faf.lua;3656;3640;bin;68ab7cb504a9a6c349f748c2d5db38c3;212;init_faf_3640.lua
faforever.faf;3656;3634;gamedata;51c196294638c22071dc8ee01e55771e;179;faforever.3634.faf
init_ladder1v1.lua;3656;1;bin;ea96ac9cec88af29c08556c96465acfe;98;init_ladder1v1.1.lua
GDFBinary.dll;3656;1;bin;6f57f59c2e705d7a5a02d49e3915cb26;99;GDFBinary3603.dll
SupComDataPath.lua;3656;1;bin;55ac1ef97845f2291da64b830299331e;100;SupComDataPath.lua
SupComDataPathFAF.lua;3656;1;bin;962c9d1327657d77184adcf358c628f1;101;SupComDataPathFAF.lua
init_nonxt.lua;3656;1;bin;16da7063ae3309c154a2c544f559b3a9;102;init_nonxt.lua
effects.nx2;3656;3656;gamedata;7823e173c153ce3fc2977c68c54f1a3c;679;effects_0.3656.nxt
env.nx2;3656;3656;gamedata;32a50729cb5155ec679771f38a151d29;680;env_0.3656.nxt
loc.nx2;3656;3656;gamedata;46d32866b65f83d4deea814feee561f8;681;loc_0.3656.nxt
lua.nx2;3656;3656;gamedata;316c538c1fcad2b832dbc72a3d3a4e84;683;lua_0.3656.nxt
meshes.nx2;3656;3656;gamedata;200972ee316ed09371dc9f357505bd66;684;meshes_0.3656.nxt
modules.nx2;3656;3656;gamedata;e20fec02e2251b5085cbe4096b7769a9;685;modules_0.3656.nxt
projectiles.nx2;3656;3656;gamedata;5625cb7878353c55555f496a1b092e6c;686;projectiles_0.3656.nxt
schook.nx2;3656;3656;gamedata;122e008515f6a33e2d7936650373423e;687;schook_0.3656.nxt
textures.nx2;3656;3656;gamedata;7442b94d99b13fa9ddc9a8e7fdf8c653;688;textures_0.3656.nxt
units.nx2;3656;3656;gamedata;8040a703b7d6a1d610a0a7779881ab8b;689;units_0.3656.nxt
etc.nx2;3656;3656;gamedata;3514201b87653551cf5db696556ec475;690;etc_0.3656.nxt
ForgedAlliance.exe;3658;3658;bin;2cd7784fb131ea4955e992cfee8ca9b8;711;ForgedAlliance.3658.exe
init_faf.lua;3658;3658;bin;453056145eb17db9adf48a25eb1a7fd6;710;init_faf_3658.lua
faforever.faf;3658;3634;gamedata;51c196294638c22071dc8ee01e55771e;179;faforever.3634.faf
init_ladder1v1.lua;3658;1;bin;ea96ac9cec88af29c08556c96465acfe;98;init_ladder1v1.1.lua
GDFBinary.dll;3658;1;bin;6f57f59c2e705d7a5a02d49e3915cb26;99;GDFBinary3603.dll
SupComDataPath.lua;3658;1;bin;55ac1ef97845f2291da64b830299331e;100;SupComDataPath.lua
SupComDataPathFAF.lua;3658;1;bin;962c9d1327657d77184adcf358c628f1;101;SupComDataPathFAF.lua
init_nonxt.lua;3658;1;bin;16da7063ae3309c154a2c544f559b3a9;102;init_nonxt.lua
effects.nx2;3658;3658;gamedata;3758baad77531dd5323c766433412e91;723;effects_0.3658.nxt
env.nx2;3658;3658;gamedata;32a50729cb5155ec679771f38a151d29;724;env_0.3658.nxt
loc.nx2;3658;3658;gamedata;caf6f9cf4909163ca37ecf1956874865;725;loc_0.3658.nxt
lua.nx2;3658;3658;gamedata;7d55fe26456e92c1cfdc2185f694f993;726;lua_0.3658.nxt
meshes.nx2;3658;3658;gamedata;200972ee316ed09371dc9f357505bd66;727;meshes_0.3658.nxt
modules.nx2;3658;3658;gamedata;e20fec02e2251b5085cbe4096b7769a9;728;modules_0.3658.nxt
projectiles.nx2;3658;3658;gamedata;28b6453e1e432985be201fd7bdde4250;729;projectiles_0.3658.nxt
schook.nx2;3658;3658;gamedata;b9b6fe2c89d614d402a0335cf3e2fcba;730;schook_0.3658.nxt
textures.nx2;3658;3658;gamedata;7442b94d99b13fa9ddc9a8e7fdf8c653;731;textures_0.3658.nxt
units.nx2;3658;3658;gamedata;e6e2ee242bd050566156d3440291477a;732;units_0.3658.nxt
etc.nx2;3658;3658;gamedata;3514201b87653551cf5db696556ec475;733;etc_0.3658.nxt
ForgedAlliance.exe;3659;3659;bin;ee2df6c3cb80dc8258428e8fa092bce1;745;ForgedAlliance.3659.exe
init_faf.lua;3659;3658;bin;453056145eb17db9adf48a25eb1a7fd6;710;init_faf_3658.lua
faforever.faf;3659;3634;gamedata;51c196294638c22071dc8ee01e55771e;179;faforever.3634.faf
init_ladder1v1.lua;3659;1;bin;ea96ac9cec88af29c08556c96465acfe;98;init_ladder1v1.1.lua
GDFBinary.dll;3659;1;bin;6f57f59c2e705d7a5a02d49e3915cb26;99;GDFBinary3603.dll
SupComDataPath.lua;3659;1;bin;55ac1ef97845f2291da64b830299331e;100;SupComDataPath.lua
SupComDataPathFAF.lua;3659;1;bin;962c9d1327657d77184adcf358c628f1;101;SupComDataPathFAF.lua
init_nonxt.lua;3659;1;bin;16da7063ae3309c154a2c544f559b3a9;102;init_nonxt.lua
effects.nx2;3659;3659;gamedata;3758baad77531dd5323c766433412e91;734;effects_0.3659.nxt
env.nx2;3659;3659;gamedata;32a50729cb5155ec679771f38a151d29;735;env_0.3659.nxt
loc.nx2;3659;3659;gamedata;caf6f9cf4909163ca37ecf1956874865;736;loc_0.3659.nxt
lua.nx2;3659;3659;gamedata;20796107dfec43af6e274d525cc0e6c5;737;lua_0.3659.nxt
meshes.nx2;3659;3659;gamedata;200972ee316ed09371dc9f357505bd66;738;meshes_0.3659.nxt
modules.nx2;3659;3659;gamedata;e20fec02e2251b5085cbe4096b7769a9;739;modules_0.3659.nxt
projectiles.nx2;3659;3659;gamedata;28b6453e1e432985be201fd7bdde4250;740;projectiles_0.3659.nxt
schook.nx2;3659;3659;gamedata;b9b6fe2c89d614d402a0335cf3e2fcba;741;schook_0.3659.nxt
textures.nx2;3659;3659;gamedata;7442b94d99b13fa9ddc9a8e7fdf8c653;742;textures_0.3659.nxt
units.nx2;3659;3659;gamedata;6f146f9e50f14bc9d836f53eff36a9ce;743;units_0.3659.nxt
etc.nx2;3659;3659;gamedata;3514201b87653551cf5db696556ec475;744;etc_0.3659.nxt
ForgedAlliance.exe;3660;3660;bin;592f7458205c6c816925cc2e1499c484;757;ForgedAlliance.3660.exe
init_faf.lua;3660;3658;bin;453056145eb17db9adf48a25eb1a7fd6;710;init_faf_3658.lua
faforever.faf;3660;3634;gamedata;51c196294638c22071dc8ee01e55771e;179;faforever.3634.faf
init_ladder1v1.lua;3660;1;bin;ea96ac9cec88af29c08556c96465acfe;98;init_ladder1v1.1.lua
GDFBinary.dll;3660;1;bin;6f57f59c2e705d7a5a02d49e3915cb26;99;GDFBinary3603.dll
SupComDataPath.lua;3660;1;bin;55ac1ef97845f2291da64b830299331e;100;SupComDataPath.lua
SupComDataPathFAF.lua;3660;1;bin;962c9d1327657d77184adcf358c628f1;101;SupComDataPathFAF.lua
init_nonxt.lua;3660;1;bin;16da7063ae3309c154a2c544f559b3a9;102;init_nonxt.lua
effects.nx2;3660;3660;gamedata;ce6d16a8ebd7f058a27f5ab6c0787530;746;effects_0.3660.nxt
env.nx2;3660;3660;gamedata;32a50729cb5155ec679771f38a151d29;747;env_0.3660.nxt
loc.nx2;3660;3660;gamedata;576fee631af11d7d4eddc5adcfd10dfa;748;loc_0.3660.nxt
lua.nx2;3660;3660;gamedata;31a6f3014812c06f8979bce1e0903b4e;749;lua_0.3660.nxt
meshes.nx2;3660;3660;gamedata;200972ee316ed09371dc9f357505bd66;750;meshes_0.3660.nxt
modules.nx2;3660;3660;gamedata;d39bb3e29bcc1fef41c0e47a705b6bb9;751;modules_0.3660.nxt
projectiles.nx2;3660;3660;gamedata;28b6453e1e432985be201fd7bdde4250;752;projectiles_0.3660.nxt
schook.nx2;3660;3660;gamedata;a51b4f97dbdec1ebb7151f47340a0baa;753;schook_0.3660.nxt
textures.nx2;3660;3660;gamedata;d8a0209367cfb8b456b669e49884d41a;754;textures_0.3660.nxt
units.nx2;3660;3660;gamedata;1ab896098a9b8206b5a15007ca7a5b98;755;units_0.3660.nxt
etc.nx2;3660;3660;gamedata;3514201b87653551cf5db696556ec475;756;etc_0.3660.nxt
ForgedAlliance.exe;3661;3661;bin;024e977fc36075b2236aeb977461743b;775;ForgedAlliance.3661.exe
init_faf.lua;3661;3658;bin;453056145eb17db9adf48a25eb1a7fd6;710;init_faf_3658.lua
faforever.faf;3661;3634;gamedata;51c196294638c22071dc8ee01e55771e;179;faforever.3634.faf
init_ladder1v1.lua;3661;1;bin;ea96ac9cec88af29c08556c96465acfe;98;init_ladder1v1.1.lua
GDFBinary.dll;3661;1;bin;6f57f59c2e705d7a5a02d49e3915cb26;99;GDFBinary3603.dll
SupComDataPath.lua;3661;1;bin;55ac1ef97845f2291da64b830299331e;100;SupComDataPath.lua
SupComDataPathFAF.lua;3661;1;bin;962c9d1327657d77184adcf358c628f1;101;SupComDataPathFAF.lua
init_nonxt.lua;3661;1;bin;16da7063ae3309c154a2c544f559b3a9;102;init_nonxt.lua
effects.nx2;3661;3661;gamedata;ce6d16a8ebd7f058a27f5ab6c0787530;776;effects_0.3661.nxt
env.nx2;3661;3661;gamedata;32a50729cb5155ec679771f38a151d29;777;env_0.3661.nxt
loc.nx2;3661;3661;gamedata;576fee631af11d7d4eddc5adcfd10dfa;778;loc_0.3661.nxt
lua.nx2;3661;3661;gamedata;fa3747237284bfcbf286dc8592b48f6b;779;lua_0.3661.nxt
meshes.nx2;3661;3661;gamedata;200972ee316ed09371dc9f357505bd66;780;meshes_0.3661.nxt
modules.nx2;3661;3661;gamedata;d39bb3e29bcc1fef41c0e47a705b6bb9;781;modules_0.3661.nxt
projectiles.nx2;3661;3661;gamedata;28b6453e1e432985be201fd7bdde4250;782;projectiles_0.3661.nxt
schook.nx2;3661;3661;gamedata;a51b4f97dbdec1ebb7151f47340a0baa;783;schook_0.3661.nxt
textures.nx2;3661;3661;gamedata;997e864834299805cee7fabff5d6590d;784;textures_0.3661.nxt
units.nx2;3661;3661;gamedata;1ab896098a9b8206b5a15007ca7a5b98;785;units_0.3661.nxt
etc.nx2;3661;3661;gamedata;3514201b87653551cf5db696556ec475;786;etc_0.3661.nxt
ForgedAlliance.exe;3662;3662;bin;fbb735dd072098fb8dca65a4745da51e;798;ForgedAlliance.3662.exe
init_faf.lua;3662;3658;bin;453056145eb17db9adf48a25eb1a7fd6;710;init_faf_3658.lua
faforever.faf;3662;3634;gamedata;51c196294638c22071dc8ee01e55771e;179;faforever.3634.faf
init_ladder1v1.lua;3662;1;bin;ea96ac9cec88af29c08556c96465acfe;98;init_ladder1v1.1.lua
GDFBinary.dll;3662;1;bin;6f57f59c2e705d7a5a02d49e3915cb26;99;GDFBinary3603.dll
SupComDataPath.lua;3662;1;bin;55ac1ef97845f2291da64b830299331e;100;SupComDataPath.lua
SupComDataPathFAF.lua;3662;1;bin;962c9d1327657d77184adcf358c628f1;101;SupComDataPathFAF.lua
init_nonxt.lua;3662;1;bin;16da7063ae3309c154a2c544f559b3a9;102;init_nonxt.lua
effects.nx2;3662;3662;gamedata;ce6d16a8ebd7f058a27f5ab6c0787530;787;effects_0.3662.nxt
env.nx2;3662;3662;gamedata;32a50729cb5155ec679771f38a151d29;788;env_0.3662.nxt
loc.nx2;3662;3662;gamedata;e539fff338506a2dd60383814ba06ade;789;loc_0.3662.nxt
lua.nx2;3662;3662;gamedata;f90700f2833d682fb56fbbaa2f5ae72c;790;lua_0.3662.nxt
meshes.nx2;3662;3662;gamedata;200972ee316ed09371dc9f357505bd66;791;meshes_0.3662.nxt
modules.nx2;3662;3662;gamedata;d39bb3e29bcc1fef41c0e47a705b6bb9;792;modules_0.3662.nxt
projectiles.nx2;3662;3662;gamedata;28b6453e1e432985be201fd7bdde4250;793;projectiles_0.3662.nxt
schook.nx2;3662;3662;gamedata;a51b4f97dbdec1ebb7151f47340a0baa;794;schook_0.3662.nxt
textures.nx2;3662;3662;gamedata;d8a0209367cfb8b456b669e49884d41a;795;textures_0.3662.nxt
units.nx2;3662;3662;gamedata;3683999b395971c3df85add72b94db2c;796;units_0.3662.nxt
etc.nx2;3662;3662;gamedata;5d334af582b719f05c963635e1f524df;797;etc_0.3662.nxt
ForgedAlliance.exe;3663;3663;bin;647693d2c680ff5177741aeeebbe9b5b;826;ForgedAlliance.3663.exe
init_faf.lua;3663;3658;bin;453056145eb17db9adf48a25eb1a7fd6;710;init_faf_3658.lua
faforever.faf;3663;3634;gamedata;51c196294638c22071dc8ee01e55771e;179;faforever.3634.faf
init_ladder1v1.lua;3663;1;bin;ea96ac9cec88af29c08556c96465acfe;98;init_ladder1v1.1.lua
GDFBinary.dll;3663;1;bin;6f57f59c2e705d7a5a02d49e3915cb26;99;GDFBinary3603.dll
SupComDataPath.lua;3663;1;bin;55ac1ef97845f2291da64b830299331e;100;SupComDataPath.lua
SupComDataPathFAF.lua;3663;1;bin;962c9d1327657d77184adcf358c628f1;101;SupComDataPathFAF.lua
init_nonxt.lua;3663;1;bin;16da7063ae3309c154a2c544f559b3a9;102;init_nonxt.lua
effects.nx2;3663;3663;gamedata;ce6d16a8ebd7f058a27f5ab6c0787530;815;effects_0.3663.nxt
env.nx2;3663;3663;gamedata;32a50729cb5155ec679771f38a151d29;816;env_0.3663.nxt
loc.nx2;3663;3663;gamedata;e539fff338506a2dd60383814ba06ade;817;loc_0.3663.nxt
lua.nx2;3663;3663;gamedata;1156c292a8577dc4495dbca40c4de725;818;lua_0.3663.nxt
meshes.nx2;3663;3663;gamedata;200972ee316ed09371dc9f357505bd66;819;meshes_0.3663.nxt
modules.nx2;3663;3663;gamedata;d39bb3e29bcc1fef41c0e47a705b6bb9;820;modules_0.3663.nxt
projectiles.nx2;3663;3663;gamedata;28b6453e1e432985be201fd7bdde4250;821;projectiles_0.3663.nxt
schook.nx2;3663;3663;gamedata;a51b4f97dbdec1ebb7151f47340a0baa;822;schook_0.3663.nxt
textures.nx2;3663;3663;gamedata;d8a0209367cfb8b456b669e49884d41a;823;textures_0.3663.nxt
units.nx2;3663;3663;gamedata;3683999b395971c3df85add72b94db2c;824;units_0.3663.nxt
etc.nx2;3663;3663;gamedata;5d334af582b719f05c963635e1f524df;825;etc_0.3663.nxt
ForgedAlliance.exe;3664;3664;bin;37d717431bcd8549cebb74541ddb64fa;839;ForgedAlliance.3664.exe
init_faf.lua;3664;3658;bin;453056145eb17db9adf48a25eb1a7fd6;710;init_faf_3658.lua
faforever.faf;3664;3634;gamedata;51c196294638c22071dc8ee01e55771e;179;faforever.3634.faf
init_ladder1v1.lua;3664;1;bin;ea96ac9cec88af29c08556c96465acfe;98;init_ladder1v1.1.lua
GDFBinary.dll;3664;1;bin;6f57f59c2e705d7a5a02d49e3915cb26;99;GDFBinary3603.dll
SupComDataPath.lua;3664;1;bin;55ac1ef97845f2291da64b830299331e;100;SupComDataPath.lua
SupComDataPathFAF.lua;3664;1;bin;962c9d1327657d77184adcf358c628f1;101;SupComDataPathFAF.lua
init_nonxt.lua;3664;1;bin;16da7063ae3309c154a2c544f559b3a9;102;init_nonxt.lua
effects.nx2;3664;3664;gamedata;4515b175e2b827131871ccbd72016c76;828;effects_0.3664.nxt
env.nx2;3664;3664;gamedata;32a50729cb5155ec679771f38a151d29;829;env_0.3664.nxt
loc.nx2;3664;3664;gamedata;bd29abc6e7370990be1697ff4545c7df;830;loc_0.3664.nxt
lua.nx2;3664;3664;gamedata;0662212734b59f06d24e967a4b04b89e;831;lua_0.3664.nxt
meshes.nx2;3664;3664;gamedata;200972ee316ed09371dc9f357505bd66;832;meshes_0.3664.nxt
modules.nx2;3664;3664;gamedata;ef0d9fba50c0adaa1e4615c5fcf3c309;833;modules_0.3664.nxt
projectiles.nx2;3664;3664;gamedata;28b6453e1e432985be201fd7bdde4250;834;projectiles_0.3664.nxt
schook.nx2;3664;3664;gamedata;ce96f20d4bf19d8a231e97ac86e674fa;835;schook_0.3664.nxt
textures.nx2;3664;3664;gamedata;cca1328dda2bbdfa25ef1a822fded66e;836;textures_0.3664.nxt
units.nx2;3664;3664;gamedata;2b852f5eda0d6a68903061869610885f;837;units_0.3664.nxt
etc.nx2;3664;3664;gamedata;3772b351e16c47fa73a2a736afc1beb9;838;etc_0.3664.nxt
ForgedAlliance.exe;3665;3665;bin;f7b6ce9f2decccc86462bc971df6daf1;852;ForgedAlliance.3665.exe
init_faf.lua;3665;3658;bin;453056145eb17db9adf48a25eb1a7fd6;710;init_faf_3658.lua
faforever.faf;3665;3634;gamedata;51c196294638c22071dc8ee01e55771e;179;faforever.3634.faf
init_ladder1v1.lua;3665;1;bin;ea96ac9cec88af29c08556c96465acfe;98;init_ladder1v1.1.lua
GDFBinary.dll;3665;1;bin;6f57f59c2e705d7a5a02d49e3915cb26;99;GDFBinary3603.dll
SupComDataPath.lua;3665;1;bin;55ac1ef97845f2291da64b830299331e;100;SupComDataPath.lua
SupComDataPathFAF.lua;3665;1;bin;962c9d1327657d77184adcf358c628f1;101;SupComDataPathFAF.lua
init_nonxt.lua;3665;1;bin;16da7063ae3309c154a2c544f559b3a9;102;init_nonxt.lua
effects.nx2;3665;3665;gamedata;4515b175e2b827131871ccbd72016c76;841;effects_0.3665.nxt
env.nx2;3665;3665;gamedata;32a50729cb5155ec679771f38a151d29;842;env_0.3665.nxt
loc.nx2;3665;3665;gamedata;bd29abc6e7370990be1697ff4545c7df;843;loc_0.3665.nxt
lua.nx2;3665;3665;gamedata;fb8ef62f0bf70b06edf020c68150ce26;844;lua_0.3665.nxt
meshes.nx2;3665;3665;gamedata;200972ee316ed09371dc9f357505bd66;845;meshes_0.3665.nxt
modules.nx2;3665;3665;gamedata;ef0d9fba50c0adaa1e4615c5fcf3c309;846;modules_0.3665.nxt
projectiles.nx2;3665;3665;gamedata;28b6453e1e432985be201fd7bdde4250;847;projectiles_0.3665.nxt
schook.nx2;3665;3665;gamedata;ce96f20d4bf19d8a231e97ac86e674fa;848;schook_0.3665.nxt
textures.nx2;3665;3665;gamedata;cca1328dda2bbdfa25ef1a822fded66e;849;textures_0.3665.nxt
units.nx2;3665;3665;gamedata;2b852f5eda0d6a68903061869610885f;850;units_0.3665.nxt
etc.nx2;3665;3665;gamedata;0903a5a32cb70c564349dcfe84fba9a7;851;etc_0.3665.nxt
ForgedAlliance.exe;3666;3666;bin;8036f2d3f3d0670e96822bc4e2ae6d4d;876;ForgedAlliance.3666.exe
init_faf.lua;3666;3658;bin;453056145eb17db9adf48a25eb1a7fd6;710;init_faf_3658.lua
faforever.faf;3666;3634;gamedata;51c196294638c22071dc8ee01e55771e;179;faforever.3634.faf
init_ladder1v1.lua;3666;1;bin;ea96ac9cec88af29c08556c96465acfe;98;init_ladder1v1.1.lua
GDFBinary.dll;3666;1;bin;6f57f59c2e705d7a5a02d49e3915cb26;99;GDFBinary3603.dll
SupComDataPath.lua;3666;1;bin;55ac1ef97845f2291da64b830299331e;100;SupComDataPath.lua
SupComDataPathFAF.lua;3666;1;bin;962c9d1327657d77184adcf358c628f1;101;SupComDataPathFAF.lua
init_nonxt.lua;3666;1;bin;16da7063ae3309c154a2c544f559b3a9;102;init_nonxt.lua
effects.nx2;3666;3666;gamedata;4515b175e2b827131871ccbd72016c76;865;effects_0.3666.nxt
env.nx2;3666;3666;gamedata;32a50729cb5155ec679771f38a151d29;866;env_0.3666.nxt
loc.nx2;3666;3666;gamedata;bd29abc6e7370990be1697ff4545c7df;867;loc_0.3666.nxt
lua.nx2;3666;3666;gamedata;67941bd12c10062fb51c1c3e4c2facaa;868;lua_0.3666.nxt
meshes.nx2;3666;3666;gamedata;200972ee316ed09371dc9f357505bd66;869;meshes_0.3666.nxt
modules.nx2;3666;3666;gamedata;ef0d9fba50c0adaa1e4615c5fcf3c309;870;modules_0.3666.nxt
projectiles.nx2;3666;3666;gamedata;28b6453e1e432985be201fd7bdde4250;871;projectiles_0.3666.nxt
schook.nx2;3666;3666;gamedata;ce96f20d4bf19d8a231e97ac86e674fa;872;schook_0.3666.nxt
textures.nx2;3666;3666;gamedata;cca1328dda2bbdfa25ef1a822fded66e;873;textures_0.3666.nxt
units.nx2;3666;3666;gamedata;2b852f5eda0d6a68903061869610885f;874;units_0.3666.nxt
etc.nx2;3666;3666;gamedata;0903a5a32cb70c564349dcfe84fba9a7;875;etc_0.3666.nxt
ForgedAlliance.exe;3667;3667;bin;de8492bf49b6a980f5745db6892e3884;888;ForgedAlliance.3667.exe
init_faf.lua;3667;3658;bin;453056145eb17db9adf48a25eb1a7fd6;710;init_faf_3658.lua
faforever.faf;3667;3634;gamedata;51c196294638c22071dc8ee01e55771e;179;faforever.3634.faf
init_ladder1v1.lua;3667;1;bin;ea96ac9cec88af29c08556c96465acfe;98;init_ladder1v1.1.lua
GDFBinary.dll;3667;1;bin;6f57f59c2e705d7a5a02d49e3915cb26;99;GDFBinary3603.dll
SupComDataPath.lua;3667;1;bin;55ac1ef97845f2291da64b830299331e;100;SupComDataPath.lua
SupComDataPathFAF.lua;3667;1;bin;962c9d1327657d77184adcf358c628f1;101;SupComDataPathFAF.lua
init_nonxt.lua;3667;1;bin;16da7063ae3309c154a2c544f559b3a9;102;init_nonxt.lua
effects.nx2;3667;3667;gamedata;4515b175e2b827131871ccbd72016c76;877;effects_0.3667.nxt
env.nx2;3667;3667;gamedata;32a50729cb5155ec679771f38a151d29;878;env_0.3667.nxt
loc.nx2;3667;3667;gamedata;bd29abc6e7370990be1697ff4545c7df;879;loc_0.3667.nxt
lua.nx2;3667;3667;gamedata;d5f1adf9fbe779dc8d070353e450e21e;880;lua_0.3667.nxt
meshes.nx2;3667;3667;gamedata;200972ee316ed09371dc9f357505bd66;881;meshes_0.3667.nxt
modules.nx2;3667;3667;gamedata;ef0d9fba50c0adaa1e4615c5fcf3c309;882;modules_0.3667.nxt
projectiles.nx2;3667;3667;gamedata;28b6453e1e432985be201fd7bdde4250;883;projectiles_0.3667.nxt
schook.nx2;3667;3667;gamedata;ce96f20d4bf19d8a231e97ac86e674fa;884;schook_0.3667.nxt
textures.nx2;3667;3667;gamedata;cca1328dda2bbdfa25ef1a822fded66e;885;textures_0.3667.nxt
units.nx2;3667;3667;gamedata;2b852f5eda0d6a68903061869610885f;886;units_0.3667.nxt
etc.nx2;3667;3667;gamedata;0903a5a32cb70c564349dcfe84fba9a7;887;etc_0.3667.nxt
ForgedAlliance.exe;3668;3668;bin;43bf2699dfe2150b0215489e536b353e;900;ForgedAlliance.3668.exe
init_faf.lua;3668;3658;bin;453056145eb17db9adf48a25eb1a7fd6;710;init_faf_3658.lua
faforever.faf;3668;3634;gamedata;51c196294638c22071dc8ee01e55771e;179;faforever.3634.faf
init_ladder1v1.lua;3668;1;bin;ea96ac9cec88af29c08556c96465acfe;98;init_ladder1v1.1.lua
GDFBinary.dll;3668;1;bin;6f57f59c2e705d7a5a02d49e3915cb26;99;GDFBinary3603.dll
SupComDataPath.lua;3668;1;bin;55ac1ef97845f2291da64b830299331e;100;SupComDataPath.lua
SupComDataPathFAF.lua;3668;1;bin;962c9d1327657d77184adcf358c628f1;101;SupComDataPathFAF.lua
init_nonxt.lua;3668;1;bin;16da7063ae3309c154a2c544f559b3a9;102;init_nonxt.lua
effects.nx2;3668;3668;gamedata;4515b175e2b827131871ccbd72016c76;889;effects_0.3668.nxt
env.nx2;3668;3668;gamedata;32a50729cb5155ec679771f38a151d29;890;env_0.3668.nxt
loc.nx2;3668;3668;gamedata;bd29abc6e7370990be1697ff4545c7df;891;loc_0.3668.nxt
lua.nx2;3668;3668;gamedata;0e4a99df3bef86912bee983171960135;892;lua_0.3668.nxt
meshes.nx2;3668;3668;gamedata;200972ee316ed09371dc9f357505bd66;893;meshes_0.3668.nxt
modules.nx2;3668;3668;gamedata;ef0d9fba50c0adaa1e4615c5fcf3c309;894;modules_0.3668.nxt
projectiles.nx2;3668;3668;gamedata;28b6453e1e432985be201fd7bdde4250;895;projectiles_0.3668.nxt
schook.nx2;3668;3668;gamedata;ce96f20d4bf19d8a231e97ac86e674fa;896;schook_0.3668.nxt
textures.nx2;3668;3668;gamedata;cca1328dda2bbdfa25ef1a822fded66e;897;textures_0.3668.nxt
units.nx2;3668;3668;gamedata;2b852f5eda0d6a68903061869610885f;898;units_0.3668.nxt
etc.nx2;3668;3668;gamedata;0903a5a32cb70c564349dcfe84fba9a7;899;etc_0.3668.nxt
ForgedAlliance.exe;3669;3669;bin;67ffb1f83164df80153d7ac52ba373fb;912;ForgedAlliance.3669.exe
init_faf.lua;3669;3658;bin;453056145eb17db9adf48a25eb1a7fd6;710;init_faf_3658.lua
faforever.faf;3669;3634;gamedata;51c196294638c22071dc8ee01e55771e;179;faforever.3634.faf
init_ladder1v1.lua;3669;1;bin;ea96ac9cec88af29c08556c96465acfe;98;init_ladder1v1.1.lua
GDFBinary.dll;3669;1;bin;6f57f59c2e705d7a5a02d49e3915cb26;99;GDFBinary3603.dll
SupComDataPath.lua;3669;1;bin;55ac1ef97845f2291da64b830299331e;100;SupComDataPath.lua
SupComDataPathFAF.lua;3669;1;bin;962c9d1327657d77184adcf358c628f1;101;SupComDataPathFAF.lua
init_nonxt.lua;3669;1;bin;16da7063ae3309c154a2c544f559b3a9;102;init_nonxt.lua
effects.nx2;3669;3669;gamedata;4515b175e2b827131871ccbd72016c76;901;effects_0.3669.nxt
env.nx2;3669;3669;gamedata;32a50729cb5155ec679771f38a151d29;902;env_0.3669.nxt
loc.nx2;3669;3669;gamedata;bd29abc6e7370990be1697ff4545c7df;903;loc_0.3669.nxt
lua.nx2;3669;3669;gamedata;9397d48907b9fdef5501f5eb7bf3140e;904;lua_0.3669.nxt
meshes.nx2;3669;3669;gamedata;200972ee316ed09371dc9f357505bd66;905;meshes_0.3669.nxt
modules.nx2;3669;3669;gamedata;ef0d9fba50c0adaa1e4615c5fcf3c309;906;modules_0.3669.nxt
projectiles.nx2;3669;3669;gamedata;28b6453e1e432985be201fd7bdde4250;907;projectiles_0.3669.nxt
schook.nx2;3669;3669;gamedata;ce96f20d4bf19d8a231e97ac86e674fa;908;schook_0.3669.nxt
textures.nx2;3669;3669;gamedata;cca1328dda2bbdfa25ef1a822fded66e;909;textures_0.3669.nxt
units.nx2;3669;3669;gamedata;2b852f5eda0d6a68903061869610885f;910;units_0.3669.nxt
etc.nx2;3669;3669;gamedata;0903a5a32cb70c564349dcfe84fba9a7;911;etc_0.3669.nxt
ForgedAlliance.exe;3670;3670;bin;653dabf8e7b1acc87ea0e719436392c1;924;ForgedAlliance.3670.exe
init_faf.lua;3670;3658;bin;453056145eb17db9adf48a25eb1a7fd6;710;init_faf_3658.lua
faforever.faf;3670;3634;gamedata;51c196294638c22071dc8ee01e55771e;179;faforever.3634.faf
init_ladder1v1.lua;3670;1;bin;ea96ac9cec88af29c08556c96465acfe;98;init_ladder1v1.1.lua
GDFBinary.dll;3670;1;bin;6f57f59c2e705d7a5a02d49e3915cb26;99;GDFBinary3603.dll
SupComDataPath.lua;3670;1;bin;55ac1ef97845f2291da64b830299331e;100;SupComDataPath.lua
SupComDataPathFAF.lua;3670;1;bin;962c9d1327657d77184adcf358c628f1;101;SupComDataPathFAF.lua
init_nonxt.lua;3670;1;bin;16da7063ae3309c154a2c544f559b3a9;102;init_nonxt.lua
effects.nx2;3670;3670;gamedata;4515b175e2b827131871ccbd72016c76;913;effects_0.3670.nxt
env.nx2;3670;3670;gamedata;32a50729cb5155ec679771f38a151d29;914;env_0.3670.nxt
loc.nx2;3670;3670;gamedata;bd29abc6e7370990be1697ff4545c7df;915;loc_0.3670.nxt
lua.nx2;3670;3670;gamedata;fa0cde14c79e8471c2020163c0cdc0b0;916;lua_0.3670.nxt
meshes.nx2;3670;3670;gamedata;200972ee316ed09371dc9f357505bd66;917;meshes_0.3670.nxt
modules.nx2;3670;3670;gamedata;ef0d9fba50c0adaa1e4615c5fcf3c309;918;modules_0.3670.nxt
projectiles.nx2;3670;3670;gamedata;28b6453e1e432985be201fd7bdde4250;919;projectiles_0.3670.nxt
schook.nx2;3670;3670;gamedata;ce96f20d4bf19d8a231e97ac86e674fa;920;schook_0.3670.nxt
textures.nx2;3670;3670;gamedata;cca1328dda2bbdfa25ef1a822fded66e;921;textures_0.3670.nxt
units.nx2;3670;3670;gamedata;2b852f5eda0d6a68903061869610885f;922;units_0.3670.nxt
etc.nx2;3670;3670;gamedata;0903a5a32cb70c564349dcfe84fba9a7;923;etc_0.3670.nxt
ForgedAlliance.exe;3672;3672;bin;6f60f0fae2ffa287c623d90743aa4ab4;960;ForgedAlliance.3672.exe
init_faf.lua;3672;3658;bin;453056145eb17db9adf48a25eb1a7fd6;710;init_faf_3658.lua
faforever.faf;3672;3634;gamedata;51c196294638c22071dc8ee01e55771e;179;faforever.3634.faf
init_ladder1v1.lua;3672;1;bin;ea96ac9cec88af29c08556c96465acfe;98;init_ladder1v1.1.lua
GDFBinary.dll;3672;1;bin;6f57f59c2e705d7a5a02d49e3915cb26;99;GDFBinary3603.dll
SupComDataPath.lua;3672;1;bin;55ac1ef97845f2291da64b830299331e;100;SupComDataPath.lua
SupComDataPathFAF.lua;3672;1;bin;962c9d1327657d77184adcf358c628f1;101;SupComDataPathFAF.lua
init_nonxt.lua;3672;1;bin;16da7063ae3309c154a2c544f559b3a9;102;init_nonxt.lua
effects.nx2;3672;3672;gamedata;4515b175e2b827131871ccbd72016c76;949;effects_0.3672.nxt
env.nx2;3672;3672;gamedata;32a50729cb5155ec679771f38a151d29;950;env_0.3672.nxt
loc.nx2;3672;3672;gamedata;bd29abc6e7370990be1697ff4545c7df;951;loc_0.3672.nxt
lua.nx2;3672;3672;gamedata;a697976c4aee69889503b11eb95b9128;952;lua_0.3672.nxt
meshes.nx2;3672;3672;gamedata;200972ee316ed09371dc9f357505bd66;953;meshes_0.3672.nxt
modules.nx2;3672;3672;gamedata;ef0d9fba50c0adaa1e4615c5fcf3c309;954;modules_0.3672.nxt
projectiles.nx2;3672;3672;gamedata;28b6453e1e432985be201fd7bdde4250;955;projectiles_0.3672.nxt
schook.nx2;3672;3672;gamedata;ce96f20d4bf19d8a231e97ac86e674fa;956;schook_0.3672.nxt
textures.nx2;3672;3672;gamedata;cca1328dda2bbdfa25ef1a822fded66e;957;textures_0.3672.nxt
units.nx2;3672;3672;gamedata;2b852f5eda0d6a68903061869610885f;958;units_0.3672.nxt
etc.nx2;3672;3672;gamedata;0903a5a32cb70c564349dcfe84fba9a7;959;etc_0.3672.nxt
ForgedAlliance.exe;3674;3674;bin;5f728e146a3813500dbf17fda88f1557;972;ForgedAlliance.3674.exe
init_faf.lua;3674;3658;bin;453056145eb17db9adf48a25eb1a7fd6;710;init_faf_3658.lua
faforever.faf;3674;3634;gamedata;51c196294638c22071dc8ee01e55771e;179;faforever.3634.faf
init_ladder1v1.lua;3674;1;bin;ea96ac9cec88af29c08556c96465acfe;98;init_ladder1v1.1.lua
GDFBinary.dll;3674;1;bin;6f57f59c2e705d7a5a02d49e3915cb26;99;GDFBinary3603.dll
SupComDataPath.lua;3674;1;bin;55ac1ef97845f2291da64b830299331e;100;SupComDataPath.lua
SupComDataPathFAF.lua;3674;1;bin;962c9d1327657d77184adcf358c628f1;101;SupComDataPathFAF.lua
init_nonxt.lua;3674;1;bin;16da7063ae3309c154a2c544f559b3a9;102;init_nonxt.lua
effects.nx2;3674;3674;gamedata;4515b175e2b827131871ccbd72016c76;961;effects_0.3674.nxt
env.nx2;3674;3674;gamedata;32a50729cb5155ec679771f38a151d29;962;env_0.3674.nxt
loc.nx2;3674;3674;gamedata;bd29abc6e7370990be1697ff4545c7df;963;loc_0.3674.nxt
lua.nx2;3674;3674;gamedata;39d464c2faf03ee0683c1db54eecc6d5;964;lua_0.3674.nxt
meshes.nx2;3674;3674;gamedata;200972ee316ed09371dc9f357505bd66;965;meshes_0.3674.nxt
modules.nx2;3674;3674;gamedata;ef0d9fba50c0adaa1e4615c5fcf3c309;966;modules_0.3674.nxt
projectiles.nx2;3674;3674;gamedata;28b6453e1e432985be201fd7bdde4250;967;projectiles_0.3674.nxt
schook.nx2;3674;3674;gamedata;ce96f20d4bf19d8a231e97ac86e674fa;968;schook_0.3674.nxt
textures.nx2;3674;3674;gamedata;cca1328dda2bbdfa25ef1a822fded66e;969;textures_0.3674.nxt
units.nx2;3674;3674;gamedata;1feeb83cb831ccc1437b5bc5390ceb28;970;units_0.3674.nxt
etc.nx2;3674;3674;gamedata;6f720d8261abf03f6c77f1971e5be04f;971;etc_0.3674.nxt
ForgedAlliance.exe;3675;3675;bin;54ad49b7838abfc1d498783614a0176a;984;ForgedAlliance.3675.exe
init_faf.lua;3675;3658;bin;453056145eb17db9adf48a25eb1a7fd6;710;init_faf_3658.lua
faforever.faf;3675;3634;gamedata;51c196294638c22071dc8ee01e55771e;179;faforever.3634.faf
init_ladder1v1.lua;3675;1;bin;ea96ac9cec88af29c08556c96465acfe;98;init_ladder1v1.1.lua
GDFBinary.dll;3675;1;bin;6f57f59c2e705d7a5a02d49e3915cb26;99;GDFBinary3603.dll
SupComDataPath.lua;3675;1;bin;55ac1ef97845f2291da64b830299331e;100;SupComDataPath.lua
SupComDataPathFAF.lua;3675;1;bin;962c9d1327657d77184adcf358c628f1;101;SupComDataPathFAF.lua
init_nonxt.lua;3675;1;bin;16da7063ae3309c154a2c544f559b3a9;102;init_nonxt.lua
effects.nx2;3675;3675;gamedata;4515b175e2b827131871ccbd72016c76;973;effects_0.3675.nxt
env.nx2;3675;3675;gamedata;32a50729cb5155ec679771f38a151d29;974;env_0.3675.nxt
loc.nx2;3675;3675;gamedata;bd29abc6e7370990be1697ff4545c7df;975;loc_0.3675.nxt
lua.nx2;3675;3675;gamedata;58a3a416d839011f34a362d48d241ff2;976;lua_0.3675.nxt
meshes.nx2;3675;3675;gamedata;200972ee316ed09371dc9f357505bd66;977;meshes_0.3675.nxt
modules.nx2;3675;3675;gamedata;ef0d9fba50c0adaa1e4615c5fcf3c309;978;modules_0.3675.nxt
projectiles.nx2;3675;3675;gamedata;28b6453e1e432985be201fd7bdde4250;979;projectiles_0.3675.nxt
schook.nx2;3675;3675;gamedata;ce96f20d4bf19d8a231e97ac86e674fa;980;schook_0.3675.nxt
textures.nx2;3675;3675;gamedata;cca1328dda2bbdfa25ef1a822fded66e;981;textures_0.3675.nxt
units.nx2;3675;3675;gamedata;1feeb83cb831ccc1437b5bc5390ceb28;982;units_0.3675.nxt
etc.nx2;3675;3675;gamedata;6f720d8261abf03f6c77f1971e5be04f;983;etc_0.3675.nxt
ForgedAlliance.exe;3676;3676;bin;cb9d3ef03be5800ce761c9e4914d9b86;1008;ForgedAlliance.3676.exe
init_faf.lua;3676;3658;bin;453056145eb17db9adf48a25eb1a7fd6;710;init_faf_3658.lua
faforever.faf;3676;3634;gamedata;51c196294638c22071dc8ee01e55771e;179;faforever.3634.faf
init_ladder1v1.lua;3676;1;bin;ea96ac9cec88af29c08556c96465acfe;98;init_ladder1v1.1.lua
GDFBinary.dll;3676;1;bin;6f57f59c2e705d7a5a02d49e3915cb26;99;GDFBinary3603.dll
SupComDataPath.lua;3676;1;bin;55ac1ef97845f2291da64b830299331e;100;SupComDataPath.lua
SupComDataPathFAF.lua;3676;1;bin;962c9d1327657d77184adcf358c628f1;101;SupComDataPathFAF.lua
init_nonxt.lua;3676;1;bin;16da7063ae3309c154a2c544f559b3a9;102;init_nonxt.lua
effects.nx2;3676;3676;gamedata;08746074cf2d705b8343b7268523b188;997;effects_0.3676.nxt
env.nx2;3676;3676;gamedata;44c829931bc5825cce7cd785ca267aca;998;env_0.3676.nxt
loc.nx2;3676;3676;gamedata;efd385626e29cb8a5ebba616552d8ad9;999;loc_0.3676.nxt
lua.nx2;3676;3676;gamedata;cd0375dd41c478fe57378b463cde97ac;1000;lua_0.3676.nxt
meshes.nx2;3676;3676;gamedata;e4e3907e15cbcd56019cf0ea08043de5;1001;meshes_0.3676.nxt
modules.nx2;3676;3676;gamedata;172500f2520bdd14c3271edd09a2b593;1002;modules_0.3676.nxt
projectiles.nx2;3676;3676;gamedata;15af944b0e153bb70412b9734c37d8f5;1003;projectiles_0.3676.nxt
schook.nx2;3676;3676;gamedata;08865851b579a9c3a0603d96adb7bd7b;1004;schook_0.3676.nxt
textures.nx2;3676;3676;gamedata;8287f29a693207912a98e1d09356c768;1005;textures_0.3676.nxt
units.nx2;3676;3676;gamedata;7db1b765ea54bdba8d0a066b0fd9fff4;1006;units_0.3676.nxt
etc.nx2;3676;3676;gamedata;6f720d8261abf03f6c77f1971e5be04f;1007;etc_0.3676.nxt
